Date,Children apprehended and placed in CBP custody*,Children in CBP custody,Children transferred out of CBP custody,Children discharged from HHS Care,Children in HHS Care ,Month,Year,Rolling_Mean_7,Noise,Lag_1,Lag_7,Date_diff,Day,Lag_30,Rolling_mean_7_forecast,Rolling_STD_7
2023-01-12,33.0,53.0,34.0,436.0,6566,1,2023,,,,,,Thursday,,,
2023-01-22,32.0,49.0,39.0,227.0,7122,1,2023,,,6566.0,,10 days,Sunday,,,
2023-01-23,32.0,50.0,39.0,181.0,7280,1,2023,,,7122.0,,1 days,Monday,,,
2023-01-24,47.0,42.0,47.0,175.0,7433,1,2023,,,7280.0,,1 days,Tuesday,,,
2023-01-25,20.0,22.0,41.0,180.0,7538,1,2023,,,7433.0,,1 days,Wednesday,,,
2023-01-29,23.0,45.0,11.0,303.0,7472,1,2023,,,7538.0,,4 days,Sunday,,,
2023-01-30,34.0,54.0,29.0,196.0,7743,1,2023,7307.714285714285,435.2857142857147,7472.0,,1 days,Monday,,,
2023-01-31,26.0,36.0,36.0,158.0,7803,1,2023,7484.428571428572,318.57142857142844,7743.0,6566.0,1 days,Tuesday,,7307.714285714285,380.91762639084845
2023-02-01,25.0,32.0,27.0,231.0,7903,2,2023,7596.0,307.0,7803.0,7122.0,1 days,Wednesday,,7484.428571428572,240.54165068504346
2023-02-02,15.0,13.0,23.0,298.0,7879,2,2023,7681.571428571428,197.42857142857156,7903.0,7280.0,1 days,Thursday,,7596.0,225.04518064898204
2023-02-05,16.0,18.0,15.0,342.0,7586,2,2023,7703.428571428572,-117.42857142857156,7879.0,7433.0,3 days,Sunday,,7681.571428571428,196.99734105046142
2023-02-06,11.0,22.0,12.0,196.0,7720,2,2023,7729.428571428572,-9.428571428571558,7586.0,7538.0,1 days,Monday,,7703.428571428572,171.6827084506526
2023-02-07,16.0,20.0,20.0,200.0,7855,2,2023,7784.142857142857,70.85714285714312,7720.0,7472.0,1 days,Tuesday,,7729.428571428572,155.47010124442488
2023-02-08,93.0,196.0,169.0,317.0,7915,2,2023,7808.714285714285,106.28571428571468,7855.0,7743.0,1 days,Wednesday,,7784.142857142857,110.7315501132147
2023-02-09,124.0,234.0,161.0,353.0,7908,2,2023,7823.714285714285,84.28571428571468,7915.0,7803.0,1 days,Thursday,,7808.714285714285,118.86506956168353
2023-02-12,92.0,203.0,173.0,317.0,7434,2,2023,7756.714285714285,-322.7142857142853,7908.0,7903.0,3 days,Sunday,,7823.714285714285,124.51467689354465
2023-02-13,186.0,259.0,172.0,244.0,7483,2,2023,7700.142857142857,-217.14285714285688,7434.0,7879.0,1 days,Monday,,7756.714285714285,185.82762109520763
2023-02-14,154.0,225.0,220.0,223.0,7794,2,2023,7729.857142857143,64.14285714285688,7483.0,7586.0,1 days,Tuesday,,7700.142857142857,201.9714737047677
2023-02-15,91.0,199.0,172.0,290.0,7869,2,2023,7751.142857142857,117.85714285714312,7794.0,7720.0,1 days,Wednesday,,7729.857142857143,197.63386060374933
2023-02-16,81.0,213.0,153.0,361.0,7793,2,2023,7742.285714285715,50.714285714285325,7869.0,7855.0,1 days,Thursday,,7751.142857142857,204.3064924498047
2023-02-20,209.0,285.0,184.0,209.0,7817,2,2023,7728.285714285715,88.71428571428532,7793.0,7915.0,4 days,Monday,,7742.285714285715,200.35943891392802
2023-02-21,184.0,314.0,217.0,213.0,7967,2,2023,7736.714285714285,230.28571428571468,7817.0,7908.0,1 days,Tuesday,,7728.285714285715,189.40407799702763
2023-02-22,107.0,215.0,230.0,232.0,7978,2,2023,7814.428571428572,163.57142857142844,7967.0,7434.0,1 days,Wednesday,,7736.714285714285,199.7637890824329
2023-02-23,101.0,162.0,178.0,386.0,7914,2,2023,7876.0,38.0,7978.0,7483.0,1 days,Thursday,,7814.428571428572,165.19670814199426
2023-02-26,99.0,190.0,176.0,323.0,7609,2,2023,7849.571428571428,-240.57142857142844,7914.0,7794.0,3 days,Sunday,,7876.0,78.81624198094237
2023-02-27,167.0,239.0,166.0,248.0,7800,2,2023,7839.714285714285,-39.714285714285325,7609.0,7869.0,1 days,Monday,,7849.571428571428,127.1139346450695
2023-02-28,115.0,216.0,169.0,200.0,7896,2,2023,7854.428571428572,41.57142857142844,7800.0,7793.0,1 days,Tuesday,,7839.714285714285,128.02827068751958
2023-03-01,84.0,158.0,193.0,307.0,7930,3,2023,7870.571428571428,59.42857142857156,7896.0,7817.0,1 days,Wednesday,,7854.428571428572,127.68301524067704
2023-03-02,130.0,227.0,192.0,335.0,7870,3,2023,7856.714285714285,13.285714285714675,7930.0,7967.0,1 days,Thursday,,7870.571428571428,129.29534297214343
2023-03-07,88.0,214.0,160.0,259.0,7859,3,2023,7839.714285714285,19.285714285714675,7870.0,7978.0,5 days,Tuesday,,7856.714285714285,122.24390139622506
2023-03-08,113.0,208.0,159.0,291.0,7885,3,2023,7835.571428571428,49.42857142857156,7859.0,7914.0,1 days,Wednesday,6566.0,7839.714285714285,110.2523080419185
2023-03-09,174.0,285.0,150.0,340.0,7786,3,2023,7860.857142857143,-74.85714285714312,7885.0,7609.0,1 days,Thursday,7122.0,7835.571428571428,107.50636747475812
2023-03-13,104.0,230.0,206.0,249.0,7567,3,2023,7827.571428571428,-260.57142857142844,7786.0,7800.0,4 days,Monday,7280.0,7860.857142857143,51.6282499265157
2023-03-14,147.0,276.0,214.0,181.0,7810,3,2023,7815.285714285715,-5.2857142857146755,7567.0,7896.0,1 days,Tuesday,7433.0,7827.571428571428,123.07566391296788
2023-03-15,108.0,220.0,213.0,286.0,7915,3,2023,7813.142857142857,101.85714285714312,7810.0,7930.0,1 days,Wednesday,7538.0,7815.285714285715,119.34224494524258
2023-03-16,180.0,280.0,146.0,308.0,7989,3,2023,7830.142857142857,158.85714285714312,7915.0,7870.0,1 days,Thursday,7472.0,7813.142857142857,117.05188104913869
2023-03-19,134.0,294.0,186.0,306.0,7885,3,2023,7833.857142857143,51.14285714285688,7989.0,7859.0,3 days,Sunday,7743.0,7830.142857142857,134.08756911240857
2023-03-20,202.0,313.0,158.0,279.0,7931,3,2023,7840.428571428572,90.57142857142844,7885.0,7885.0,1 days,Monday,7803.0,7833.857142857143,135.37408488016308
2023-03-21,110.0,272.0,193.0,221.0,8050,3,2023,7878.142857142857,171.85714285714312,7931.0,7786.0,1 days,Tuesday,7903.0,7840.428571428572,139.3291751487023
2023-03-22,166.0,277.0,229.0,246.0,8097,3,2023,7953.857142857143,143.14285714285688,8050.0,7567.0,1 days,Wednesday,7879.0,7878.142857142857,156.77843024623877
2023-03-23,136.0,276.0,178.0,331.0,8102,3,2023,7995.571428571428,106.42857142857156,8097.0,7810.0,1 days,Thursday,7586.0,7953.857142857143,98.6887845222267
2023-03-26,87.0,246.0,173.0,352.0,7847,3,2023,7985.857142857143,-138.85714285714312,8102.0,7915.0,3 days,Sunday,7720.0,7995.571428571428,88.98287689747141
2023-03-27,84.0,171.0,157.0,235.0,7994,3,2023,7986.571428571428,7.4285714285715585,7847.0,7989.0,1 days,Monday,7855.0,7985.857142857143,102.00396817677102
2023-03-28,167.0,209.0,157.0,223.0,8079,3,2023,8014.285714285715,64.71428571428532,7994.0,7885.0,1 days,Tuesday,7915.0,7986.571428571428,102.04714130056382
2023-03-29,109.0,245.0,159.0,267.0,8208,3,2023,8053.857142857143,154.14285714285688,8079.0,7931.0,1 days,Wednesday,7908.0,8014.285714285715,96.03074904374563
2023-03-30,156.0,256.0,176.0,359.0,8158,3,2023,8069.285714285715,88.71428571428532,8208.0,8050.0,1 days,Thursday,7434.0,8053.857142857143,111.77272859307338
2023-04-02,125.0,232.0,192.0,304.0,7981,4,2023,8052.714285714285,-71.71428571428532,8158.0,8097.0,3 days,Sunday,7483.0,8069.285714285715,118.40849390381318
2023-04-03,118.0,139.0,168.0,284.0,8054,4,2023,8045.857142857143,8.142857142856883,7981.0,8102.0,1 days,Monday,7794.0,8052.714285714285,121.94768589537104
2023-04-04,142.0,235.0,139.0,259.0,8068,4,2023,8077.428571428572,-9.428571428571558,8054.0,7847.0,1 days,Tuesday,7869.0,8045.857142857143,120.04919626472943
2023-04-05,148.0,245.0,175.0,260.0,8175,4,2023,8103.285714285715,71.71428571428532,8068.0,7994.0,1 days,Wednesday,7793.0,8077.428571428572,82.09721299136949
2023-04-06,119.0,219.0,210.0,284.0,8178,4,2023,8117.428571428572,60.57142857142844,8175.0,8079.0,1 days,Thursday,7817.0,8103.285714285715,79.91602735727801
2023-04-09,105.0,210.0,149.0,329.0,7900,4,2023,8073.428571428572,-173.42857142857156,8178.0,8208.0,3 days,Sunday,7967.0,8117.428571428572,83.57802171793388
2023-04-10,143.0,203.0,163.0,265.0,7826,4,2023,8026.0,-200.0,7900.0,8158.0,1 days,Monday,7978.0,8073.428571428572,106.01235327836547
2023-04-11,119.0,209.0,152.0,187.0,7922,4,2023,8017.571428571428,-95.57142857142844,7826.0,7981.0,1 days,Tuesday,7914.0,8026.0,132.7616912616919
2023-04-12,155.0,212.0,181.0,283.0,7876,4,2023,7992.142857142857,-116.14285714285688,7922.0,8054.0,1 days,Wednesday,7609.0,8017.571428571428,137.86933082071064
2023-04-13,109.0,214.0,173.0,370.0,7795,4,2023,7953.142857142857,-158.14285714285688,7876.0,8068.0,1 days,Thursday,7800.0,7992.142857142857,146.194423709688
2023-04-16,191.0,283.0,192.0,272.0,7380,4,2023,7839.571428571428,-459.57142857142844,7795.0,8175.0,3 days,Sunday,7896.0,7953.142857142857,158.48283668526358
2023-04-17,170.0,297.0,196.0,248.0,7344,4,2023,7720.428571428572,-376.42857142857156,7380.0,8178.0,1 days,Monday,7930.0,7839.571428571428,237.93686637625376
2023-04-18,152.0,272.0,214.0,234.0,7376,4,2023,7645.571428571428,-269.57142857142844,7344.0,7900.0,1 days,Tuesday,7870.0,7720.428571428572,248.7889715822463
2023-04-19,239.0,367.0,224.0,229.0,7356,4,2023,7578.428571428572,-222.42857142857156,7376.0,7826.0,1 days,Wednesday,7859.0,7645.571428571428,264.11352176848504
2023-04-20,113.0,280.0,237.0,320.0,7490,4,2023,7516.714285714285,-26.714285714285325,7356.0,7922.0,1 days,Thursday,7885.0,7578.428571428572,270.2701470398688
2023-04-23,196.0,306.0,187.0,266.0,7534,4,2023,7467.857142857143,66.14285714285688,7490.0,7876.0,3 days,Sunday,7786.0,7516.714285714285,224.12549630784596
2023-04-24,236.0,330.0,222.0,213.0,7796,4,2023,7468.0,328.0,7534.0,7795.0,1 days,Monday,7567.0,7467.857142857143,161.1918407482521
2023-04-25,81.0,230.0,242.0,202.0,8017,4,2023,7559.0,458.0,7796.0,7380.0,1 days,Tuesday,7810.0,7468.0,161.53018293805144
2023-04-26,118.0,245.0,160.0,256.0,8117,4,2023,7669.428571428572,447.57142857142844,8017.0,7344.0,1 days,Wednesday,7915.0,7559.0,255.68274612626254
2023-04-27,218.0,283.0,208.0,310.0,8159,4,2023,7781.285714285715,377.7142857142853,8117.0,7376.0,1 days,Thursday,7989.0,7669.428571428572,308.7662854775746
2023-04-30,132.0,243.0,183.0,293.0,8352,4,2023,7923.571428571428,428.42857142857156,8159.0,7356.0,3 days,Sunday,7885.0,7781.285714285715,326.091865525506
2023-05-01,224.0,315.0,152.0,237.0,8492,5,2023,8066.714285714285,425.2857142857147,8352.0,7490.0,1 days,Monday,7931.0,7923.571428571428,326.89083659169603
2023-05-02,167.0,326.0,213.0,245.0,8654,5,2023,8226.714285714286,427.28571428571377,8492.0,7534.0,1 days,Tuesday,8050.0,8066.714285714285,324.76746259732477
2023-05-03,209.0,353.0,232.0,267.0,8704,5,2023,8356.42857142857,347.57142857142935,8654.0,7796.0,1 days,Wednesday,8097.0,8226.714285714286,292.90596573286916
2023-05-04,153.0,253.0,286.0,332.0,8790,5,2023,8466.857142857143,323.1428571428569,8704.0,8017.0,1 days,Thursday,8102.0,8356.42857142857,270.5764569352238
2023-05-07,180.0,337.0,219.0,375.0,8485,5,2023,8519.42857142857,-34.42857142857065,8790.0,8117.0,3 days,Sunday,7847.0,8466.857142857143,266.6711011536049
2023-05-08,133.0,287.0,189.0,261.0,8590,5,2023,8581.0,9.0,8485.0,8159.0,1 days,Monday,7994.0,8519.42857142857,218.04575753944934
2023-05-09,187.0,310.0,247.0,250.0,8606,5,2023,8617.285714285714,-11.285714285713766,8590.0,8352.0,1 days,Tuesday,8079.0,8581.0,149.33072914395893
2023-05-10,168.0,285.0,210.0,304.0,8681,5,2023,8644.285714285714,36.714285714286234,8606.0,8492.0,1 days,Wednesday,8208.0,8617.285714285714,110.1252533643899
2023-05-11,269.0,412.0,204.0,392.0,8672,5,2023,8646.857142857143,25.142857142856883,8681.0,8654.0,1 days,Thursday,8158.0,8644.285714285714,96.63111004521781
2023-05-14,100.0,255.0,236.0,288.0,8445,5,2023,8609.857142857143,-164.85714285714312,8672.0,8704.0,3 days,Sunday,7981.0,8646.857142857143,97.17068929025059
2023-05-15,205.0,294.0,177.0,277.0,8571,5,2023,8578.57142857143,-7.571428571429351,8445.0,8790.0,1 days,Monday,8054.0,8609.857142857143,118.7089277342236
2023-05-16,161.0,304.0,211.0,272.0,8572,5,2023,8591.0,-19.0,8571.0,8485.0,1 days,Tuesday,8068.0,8578.57142857143,88.27770036057808
2023-05-17,57.0,162.0,193.0,307.0,8569,5,2023,8588.0,-19.0,8572.0,8590.0,1 days,Wednesday,8175.0,8591.0,78.48991442641704
2023-05-18,80.0,122.0,152.0,351.0,8474,5,2023,8569.142857142857,-95.14285714285688,8569.0,8606.0,1 days,Thursday,8178.0,8588.0,78.93457206234972
2023-05-21,107.0,170.0,133.0,343.0,7826,5,2023,8447.0,-621.0,8474.0,8681.0,3 days,Sunday,7900.0,8569.142857142857,89.03824753334494
2023-05-22,99.0,156.0,139.0,240.0,7848,5,2023,8329.285714285714,-481.28571428571377,7826.0,8672.0,1 days,Monday,7826.0,8447.0,283.6911466131201
2023-05-23,25.0,66.0,94.0,246.0,7788,5,2023,8235.42857142857,-447.42857142857065,7848.0,8445.0,1 days,Tuesday,7922.0,8329.285714285714,340.11356646749425
2023-05-24,35.0,70.0,53.0,276.0,7709,5,2023,8112.285714285715,-403.2857142857147,7788.0,8571.0,1 days,Wednesday,7876.0,8235.42857142857,389.87171272221485
2023-05-25,43.0,73.0,64.0,408.0,7546,5,2023,7965.714285714285,-419.7142857142853,7709.0,8572.0,1 days,Thursday,7795.0,8112.285714285715,402.1544953065167
2023-05-29,41.0,60.0,71.0,207.0,6996,5,2023,7741.0,-745.0,7546.0,8569.0,4 days,Monday,7380.0,7965.714285714285,393.558430344516
2023-05-30,65.0,83.0,65.0,168.0,7046,5,2023,7537.0,-491.0,6996.0,8474.0,1 days,Tuesday,7344.0,7741.0,438.224828141904
2023-05-31,38.0,80.0,82.0,210.0,7053,5,2023,7426.571428571428,-373.57142857142844,7046.0,7826.0,1 days,Wednesday,7376.0,7537.0,366.66742424164335
2023-06-01,56.0,82.0,68.0,287.0,7002,6,2023,7305.714285714285,-303.7142857142853,7053.0,7848.0,1 days,Thursday,7356.0,7426.571428571428,381.2356476611549
2023-06-04,74.0,103.0,80.0,292.0,6555,6,2023,7129.571428571428,-574.5714285714284,7002.0,7788.0,3 days,Sunday,7490.0,7305.714285714285,358.8076152507161
2023-06-05,68.0,107.0,102.0,189.0,6523,6,2023,6960.142857142857,-437.1428571428569,6555.0,7709.0,1 days,Monday,7534.0,7129.571428571428,384.32748932078755
2023-06-06,92.0,124.0,93.0,187.0,6508,6,2023,6811.857142857143,-303.8571428571431,6523.0,7546.0,1 days,Tuesday,7796.0,6960.142857142857,345.80699268591604
2023-06-07,113.0,162.0,107.0,208.0,6483,6,2023,6738.571428571428,-255.57142857142844,6508.0,6996.0,1 days,Wednesday,8017.0,6811.857142857143,266.0760721870292
2023-06-08,106.0,196.0,131.0,255.0,6446,6,2023,6652.857142857143,-206.85714285714312,6483.0,7046.0,1 days,Thursday,8117.0,6738.571428571428,277.3150177102208
2023-06-11,86.0,152.0,168.0,238.0,6007,6,2023,6503.428571428572,-496.42857142857156,6446.0,7053.0,3 days,Sunday,8159.0,6652.857142857143,258.5468549228111
2023-06-12,84.0,118.0,136.0,177.0,6021,6,2023,6363.285714285715,-342.2857142857147,6007.0,7002.0,1 days,Monday,8352.0,6503.428571428572,289.19247174552527
2023-06-13,59.0,64.0,117.0,146.0,6061,6,2023,6292.714285714285,-231.71428571428532,6021.0,6555.0,1 days,Tuesday,8492.0,6363.285714285715,240.99703614063765
2023-06-14,62.0,97.0,52.0,167.0,6065,6,2023,6227.285714285715,-162.28571428571468,6061.0,6523.0,1 days,Wednesday,8654.0,6292.714285714285,247.73555409328097
2023-06-15,91.0,75.0,97.0,272.0,6038,6,2023,6160.142857142857,-122.14285714285688,6065.0,6508.0,1 days,Thursday,8704.0,6227.285714285715,237.0279268255918
2023-06-19,29.0,51.0,11.0,142.0,5679,6,2023,6045.285714285715,-366.2857142857147,6038.0,6483.0,4 days,Monday,8790.0,6160.142857142857,209.1908447418512
2023-06-20,33.0,53.0,34.0,134.0,5904,6,2023,5967.857142857143,-63.85714285714312,5679.0,6446.0,1 days,Tuesday,8485.0,6045.285714285715,222.66620330718706
2023-06-21,93.0,196.0,169.0,149.0,5922,6,2023,5955.714285714285,-33.714285714285325,5904.0,6007.0,1 days,Wednesday,8590.0,5967.857142857143,138.38644992848367
2023-06-22,124.0,234.0,161.0,207.0,5956,6,2023,5946.428571428572,9.571428571428442,5922.0,6021.0,1 days,Thursday,8606.0,5955.714285714285,138.10830808428545
2023-06-25,92.0,203.0,173.0,263.0,5766,6,2023,5904.285714285715,-138.28571428571468,5956.0,6061.0,3 days,Sunday,8681.0,5946.428571428572,135.1404912709417
2023-06-26,186.0,259.0,172.0,174.0,5819,6,2023,5869.142857142857,-50.14285714285688,5766.0,6065.0,1 days,Monday,8672.0,5904.285714285715,139.38760619905776
2023-06-27,154.0,225.0,220.0,155.0,5917,6,2023,5851.857142857143,65.14285714285688,5819.0,6038.0,1 days,Tuesday,8445.0,5869.142857142857,122.04702450479833
2023-06-28,91.0,199.0,172.0,174.0,5999,6,2023,5897.571428571428,101.42857142857156,5917.0,5679.0,1 days,Wednesday,8571.0,5851.857142857143,100.87852194830552
2023-06-29,81.0,213.0,153.0,213.0,6058,6,2023,5919.571428571428,138.42857142857156,5999.0,5904.0,1 days,Thursday,8572.0,5897.571428571428,79.79318505330629
2023-07-02,209.0,285.0,184.0,309.0,5903,7,2023,5916.857142857143,-13.857142857143117,6058.0,5922.0,3 days,Sunday,8569.0,5919.571428571428,100.42386360298667
2023-07-04,184.0,314.0,217.0,124.0,6127,7,2023,5941.285714285715,185.71428571428532,5903.0,5956.0,2 days,Tuesday,8474.0,5916.857142857143,100.60389086482556
2023-07-05,107.0,215.0,230.0,167.0,6193,7,2023,6002.285714285715,190.71428571428532,6127.0,5766.0,1 days,Wednesday,7826.0,5941.285714285715,128.5673808886626
2023-07-06,101.0,162.0,178.0,205.0,6239,7,2023,6062.285714285715,176.71428571428532,6193.0,5819.0,1 days,Thursday,7848.0,6002.285714285715,132.7688646805823
2023-07-09,99.0,190.0,176.0,196.0,6214,7,2023,6104.714285714285,109.28571428571468,6239.0,5917.0,3 days,Sunday,7788.0,6062.285714285715,131.02507938776884
2023-07-10,167.0,239.0,166.0,163.0,6346,7,2023,6154.285714285715,191.71428571428532,6214.0,5999.0,1 days,Monday,7709.0,6104.714285714285,124.03858846573252
2023-07-11,115.0,216.0,169.0,143.0,6498,7,2023,6217.142857142857,280.8571428571431,6346.0,6058.0,1 days,Tuesday,7546.0,6154.285714285715,142.68580201000483
2023-07-12,84.0,158.0,193.0,210.0,6521,7,2023,6305.428571428572,215.57142857142844,6498.0,5903.0,1 days,Wednesday,6996.0,6217.142857142857,184.10452517653334
2023-07-13,130.0,227.0,192.0,226.0,6604,7,2023,6373.571428571428,230.42857142857156,6521.0,6127.0,1 days,Thursday,7046.0,6305.428571428572,154.0831562748515
2023-07-16,88.0,214.0,160.0,218.0,6468,7,2023,6412.857142857143,55.14285714285688,6604.0,6193.0,3 days,Sunday,7053.0,6373.571428571428,166.95993246171636
2023-07-17,113.0,208.0,159.0,160.0,6632,7,2023,6469.0,163.0,6468.0,6239.0,1 days,Monday,7002.0,6412.857142857143,148.7508303298227
2023-07-18,174.0,285.0,150.0,181.0,6874,7,2023,6563.285714285715,310.7142857142853,6632.0,6214.0,1 days,Tuesday,6555.0,6469.0,146.34092615078424
2023-07-19,104.0,230.0,206.0,226.0,7001,7,2023,6656.857142857143,344.1428571428569,6874.0,6346.0,1 days,Wednesday,6523.0,6563.285714285715,165.964568794793
2023-07-20,147.0,276.0,214.0,281.0,7116,7,2023,6745.142857142857,370.8571428571431,7001.0,6498.0,1 days,Thursday,6508.0,6656.857142857143,203.45222909522002
2023-07-23,108.0,220.0,213.0,276.0,7052,7,2023,6821.0,231.0,7116.0,6521.0,3 days,Sunday,6483.0,6745.142857142857,251.45339433742933
2023-07-24,180.0,280.0,146.0,187.0,7220,7,2023,6909.0,311.0,7052.0,6604.0,1 days,Monday,6446.0,6821.0,252.6572117844107
2023-07-25,134.0,294.0,186.0,136.0,7510,7,2023,7057.857142857143,452.1428571428569,7220.0,6468.0,1 days,Tuesday,6007.0,6909.0,271.083627933042
2023-07-26,202.0,313.0,158.0,215.0,7647,7,2023,7202.857142857143,444.1428571428569,7510.0,6632.0,1 days,Wednesday,6021.0,7057.857142857143,274.6297074070542
2023-07-27,110.0,272.0,193.0,259.0,7754,7,2023,7328.571428571428,425.42857142857156,7647.0,6874.0,1 days,Thursday,6061.0,7202.857142857143,280.20494200463156
2023-07-30,166.0,277.0,229.0,305.0,7671,7,2023,7424.285714285715,246.71428571428532,7754.0,7001.0,3 days,Sunday,6065.0,7328.571428571428,304.43163279729947
2023-07-31,136.0,276.0,178.0,220.0,7800,7,2023,7522.0,278.0,7671.0,7116.0,1 days,Monday,6038.0,7424.285714285715,289.2223563775511
2023-08-01,87.0,246.0,173.0,168.0,8103,8,2023,7672.142857142857,430.8571428571431,7800.0,7052.0,1 days,Tuesday,5679.0,7522.0,283.1907484364783
2023-08-02,84.0,171.0,157.0,271.0,8261,8,2023,7820.857142857143,440.1428571428569,8103.0,7220.0,1 days,Wednesday,5904.0,7672.142857142857,270.8144682074619
2023-08-03,167.0,209.0,157.0,339.0,8294,8,2023,7932.857142857143,361.1428571428569,8261.0,7510.0,1 days,Thursday,5922.0,7820.857142857143,266.94283318810375
2023-08-06,109.0,245.0,159.0,322.0,8298,8,2023,8025.857142857143,272.1428571428569,8294.0,7647.0,3 days,Sunday,5956.0,7932.857142857143,278.9787498308063
2023-08-07,156.0,256.0,176.0,202.0,8493,8,2023,8131.428571428572,361.57142857142844,8298.0,7754.0,1 days,Monday,5766.0,8025.857142857143,276.2990098736522
2023-08-08,125.0,232.0,192.0,207.0,8725,8,2023,8282.0,443.0,8493.0,7671.0,1 days,Tuesday,5819.0,8131.428571428572,295.61960757191184
2023-08-09,118.0,139.0,168.0,251.0,8888,8,2023,8437.42857142857,450.57142857142935,8725.0,7800.0,1 days,Wednesday,5917.0,8282.0,290.39513310893125
2023-08-10,142.0,235.0,139.0,353.0,8914,8,2023,8553.285714285714,360.71428571428623,8888.0,8103.0,1 days,Thursday,5999.0,8437.42857142857,280.41092295826917
2023-08-16,148.0,245.0,175.0,288.0,9634,8,2023,8749.42857142857,884.5714285714294,8914.0,8261.0,6 days,Wednesday,6058.0,8553.285714285714,286.6761903180355
2023-08-17,119.0,219.0,210.0,407.0,9694,8,2023,8949.42857142857,744.5714285714294,9634.0,8294.0,1 days,Thursday,5903.0,8749.42857142857,466.60256362452577
2023-08-20,105.0,210.0,149.0,390.0,9483,8,2023,9118.714285714286,364.28571428571377,9694.0,8298.0,3 days,Sunday,6127.0,8949.42857142857,534.0267961887765
2023-08-21,143.0,203.0,163.0,281.0,9668,8,2023,9286.57142857143,381.42857142857065,9483.0,8493.0,1 days,Monday,6193.0,9118.714285714286,477.9894400109037
2023-08-22,119.0,209.0,152.0,230.0,9921,8,2023,9457.42857142857,463.57142857142935,9668.0,8725.0,1 days,Tuesday,6239.0,9286.57142857143,425.01131637599264
2023-08-23,155.0,212.0,181.0,285.0,10071,8,2023,9626.42857142857,444.57142857142935,9921.0,8888.0,1 days,Wednesday,6214.0,9457.42857142857,401.37258548758666
2023-08-24,109.0,214.0,173.0,443.0,10026,8,2023,9785.285714285714,240.71428571428623,10071.0,8914.0,1 days,Thursday,6346.0,9626.42857142857,369.4350899878431
2023-08-27,191.0,283.0,192.0,488.0,9873,8,2023,9819.42857142857,53.57142857142935,10026.0,9634.0,3 days,Sunday,6498.0,9785.285714285714,221.49019111903624
2023-08-28,170.0,297.0,196.0,388.0,10012,8,2023,9864.857142857143,147.14285714285688,9873.0,9694.0,1 days,Monday,6521.0,9819.42857142857,212.52204367467854
2023-08-29,152.0,272.0,214.0,286.0,10180,8,2023,9964.42857142857,215.57142857142935,10012.0,9483.0,1 days,Tuesday,6604.0,9864.857142857143,215.21263018354597
2023-08-30,239.0,367.0,224.0,366.0,10280,8,2023,10051.857142857143,228.14285714285688,10180.0,9668.0,1 days,Wednesday,6468.0,9964.42857142857,164.31560804641688
2023-08-31,113.0,280.0,237.0,505.0,10140,8,2023,10083.142857142857,56.85714285714312,10280.0,9921.0,1 days,Thursday,6632.0,10051.857142857143,141.54319549353713
2023-09-04,196.0,306.0,187.0,293.0,9988,9,2023,10071.285714285714,-83.28571428571377,10140.0,10071.0,4 days,Monday,6874.0,10083.142857142857,131.65666025887916
2023-09-05,236.0,330.0,222.0,243.0,10142,9,2023,10087.857142857143,54.14285714285688,9988.0,10026.0,1 days,Tuesday,7001.0,10071.285714285714,136.57807814073627
2023-09-06,81.0,230.0,242.0,291.0,10356,9,2023,10156.857142857143,199.14285714285688,10142.0,9873.0,1 days,Wednesday,7116.0,10087.857142857143,137.2035332047076
2023-09-07,118.0,245.0,160.0,398.0,10419,9,2023,10215.0,204.0,10356.0,10012.0,1 days,Thursday,7052.0,10156.857142857143,132.51343148472108
2023-09-10,218.0,283.0,208.0,382.0,10282,9,2023,10229.57142857143,52.42857142857065,10419.0,10180.0,3 days,Sunday,7220.0,10215.0,146.87296097891357
2023-09-11,132.0,243.0,183.0,277.0,10492,9,2023,10259.857142857143,232.14285714285688,10282.0,10280.0,1 days,Monday,7510.0,10229.57142857143,147.87816735745452
2023-09-12,224.0,315.0,152.0,316.0,10649,9,2023,10332.57142857143,316.42857142857065,10492.0,10140.0,1 days,Tuesday,7647.0,10259.857142857143,178.47168643006142
2023-09-13,167.0,326.0,213.0,343.0,10678,9,2023,10431.142857142857,246.85714285714312,10649.0,9988.0,1 days,Wednesday,7754.0,10332.57142857143,220.2906089260291
2023-09-14,209.0,353.0,232.0,414.0,10837,9,2023,10530.42857142857,306.57142857142935,10678.0,10142.0,1 days,Thursday,7671.0,10431.142857142857,193.10828445164972
2023-09-17,153.0,253.0,286.0,427.0,10799,9,2023,10593.714285714286,205.28571428571377,10837.0,10356.0,3 days,Sunday,7800.0,10530.42857142857,198.26653537011774
2023-09-18,180.0,337.0,219.0,313.0,10892,9,2023,10661.285714285714,230.71428571428623,10799.0,10419.0,1 days,Monday,8103.0,10593.714285714286,203.93112749640943
2023-09-19,133.0,287.0,189.0,260.0,11095,9,2023,10777.42857142857,317.57142857142935,10892.0,10282.0,1 days,Tuesday,8261.0,10661.285714285714,214.48210048538928
2023-09-20,187.0,310.0,247.0,364.0,11064,9,2023,10859.142857142857,204.85714285714312,11095.0,10492.0,1 days,Wednesday,8294.0,10777.42857142857,194.0110453410863
2023-09-21,168.0,285.0,210.0,428.0,11067,9,2023,10918.857142857143,148.14285714285688,11064.0,10649.0,1 days,Thursday,8298.0,10859.142857142857,173.08709616028477
2023-09-24,269.0,412.0,204.0,403.0,10744,9,2023,10928.285714285714,-184.28571428571377,11067.0,10678.0,3 days,Sunday,8493.0,10918.857142857143,160.1243564354514
2023-09-25,100.0,255.0,236.0,284.0,10842,9,2023,10929.0,-87.0,10744.0,10837.0,1 days,Monday,8725.0,10928.285714285714,144.78687128084584
2023-09-26,205.0,294.0,177.0,332.0,10978,9,2023,10954.57142857143,23.42857142857065,10842.0,10799.0,1 days,Tuesday,8888.0,10929.0,144.27288957640246
2023-09-27,161.0,304.0,211.0,331.0,11017,9,2023,10972.42857142857,44.57142857142935,10978.0,10892.0,1 days,Wednesday,8914.0,10954.57142857143,132.79791306471793
2023-09-28,57.0,162.0,193.0,447.0,10984,9,2023,10956.57142857143,27.42857142857065,11017.0,11095.0,1 days,Thursday,9634.0,10972.42857142857,131.37840657560403
2023-10-01,80.0,122.0,152.0,493.0,10598,10,2023,10890.0,-292.0,10984.0,11064.0,3 days,Sunday,9694.0,10956.57142857143,120.3548325342378
2023-10-02,107.0,170.0,133.0,284.0,10724,10,2023,10841.0,-117.0,10598.0,11067.0,1 days,Monday,9483.0,10890.0,169.76552457254303
2023-10-03,99.0,156.0,139.0,287.0,10818,10,2023,10851.57142857143,-33.57142857142935,10724.0,10744.0,1 days,Tuesday,9668.0,10841.0,159.34344458869228
2023-10-04,25.0,66.0,94.0,330.0,10963,10,2023,10868.857142857143,94.14285714285688,10818.0,10842.0,1 days,Wednesday,9921.0,10851.57142857143,154.2074978106088
2023-10-05,35.0,70.0,53.0,427.0,11130,10,2023,10890.57142857143,239.42857142857065,10963.0,10978.0,1 days,Thursday,10071.0,10868.857142857143,159.64171193811808
2023-10-09,43.0,73.0,64.0,282.0,10815,10,2023,10861.714285714286,-46.714285714286234,11130.0,11017.0,4 days,Monday,10026.0,10890.57142857143,185.2456541487807
2023-10-10,41.0,60.0,71.0,257.0,10910,10,2023,10851.142857142857,58.85714285714312,10815.0,10984.0,1 days,Tuesday,9873.0,10861.714285714286,177.85454195857594
2023-10-11,65.0,83.0,65.0,266.0,10960,10,2023,10902.857142857143,57.14285714285688,10910.0,10598.0,1 days,Wednesday,10012.0,10851.142857142857,171.45886637091533
2023-10-12,38.0,80.0,82.0,398.0,10992,10,2023,10941.142857142857,50.85714285714312,10960.0,10724.0,1 days,Thursday,10180.0,10902.857142857143,132.56247404098627
2023-10-15,56.0,82.0,68.0,434.0,10571,10,2023,10905.857142857143,-334.8571428571431,10992.0,10818.0,3 days,Sunday,10280.0,10941.142857142857,108.88285535627077
2023-10-16,74.0,103.0,80.0,331.0,10629,10,2023,10858.142857142857,-229.14285714285688,10571.0,10963.0,1 days,Monday,10140.0,10905.857142857143,175.24214539849476
2023-10-17,68.0,107.0,102.0,315.0,10630,10,2023,10786.714285714286,-156.71428571428623,10629.0,11130.0,1 days,Tuesday,9988.0,10858.142857142857,200.70993047314036
2023-10-18,92.0,124.0,93.0,393.0,10511,10,2023,10743.285714285714,-232.28571428571377,10630.0,10815.0,1 days,Wednesday,10142.0,10786.714285714286,175.18344127026748
2023-10-19,113.0,162.0,107.0,406.0,10319,10,2023,10658.857142857143,-339.8571428571431,10511.0,10910.0,1 days,Thursday,10356.0,10743.285714285714,202.54687875968935
2023-10-22,106.0,196.0,131.0,454.0,9506,10,2023,10451.142857142857,-945.1428571428569,10319.0,10960.0,3 days,Sunday,10419.0,10658.857142857143,240.99753011983736
2023-10-23,86.0,152.0,168.0,327.0,9436,10,2023,10228.857142857143,-792.8571428571431,9506.0,10992.0,1 days,Monday,10282.0,10451.142857142857,462.7553091975549
2023-10-24,84.0,118.0,136.0,300.0,9396,10,2023,10061.0,-665.0,9436.0,10571.0,1 days,Tuesday,10492.0,10228.857142857143,528.6723713137662
2023-10-25,59.0,64.0,117.0,293.0,9351,10,2023,9878.42857142857,-527.4285714285706,9396.0,10629.0,1 days,Wednesday,10649.0,10061.0,585.4234934359129
2023-10-26,62.0,97.0,52.0,390.0,9235,10,2023,9679.142857142857,-444.1428571428569,9351.0,10630.0,1 days,Thursday,10678.0,9878.42857142857,577.9956335310768
2023-10-29,91.0,75.0,97.0,418.0,8925,10,2023,9452.57142857143,-527.5714285714294,9235.0,10511.0,3 days,Sunday,10837.0,9679.142857142857,512.4468845878998
2023-10-30,29.0,51.0,11.0,278.0,9026,10,2023,9267.857142857143,-241.85714285714312,8925.0,10319.0,1 days,Monday,10799.0,9452.57142857143,426.81254946519914
2023-10-31,33.0,53.0,34.0,295.0,9072,10,2023,9205.857142857143,-133.85714285714312,9026.0,9506.0,1 days,Tuesday,10892.0,9267.857142857143,218.11421210878623
2023-11-01,132.0,235.0,197.0,279.0,9250,11,2023,9179.285714285714,70.71428571428623,9072.0,9436.0,1 days,Wednesday,11095.0,9205.857142857143,200.07617596930928
2023-11-02,174.0,208.0,256.0,330.0,9442,11,2023,9185.857142857143,256.1428571428569,9250.0,9396.0,1 days,Thursday,11064.0,9179.285714285714,175.22529715178123
2023-11-05,123.0,230.0,167.0,370.0,9273,11,2023,9174.714285714286,98.28571428571377,9442.0,9351.0,3 days,Sunday,11067.0,9185.857142857143,185.281253388378
2023-11-06,123.0,233.0,159.0,316.0,9286,11,2023,9182.0,104.0,9273.0,9235.0,1 days,Monday,10744.0,9174.714285714286,175.7969608059156
2023-11-07,141.0,232.0,188.0,231.0,9483,11,2023,9261.714285714286,221.28571428571377,9286.0,8925.0,1 days,Tuesday,10842.0,9182.0,179.72478960907242
2023-11-08,158.0,226.0,191.0,310.0,9634,11,2023,9348.57142857143,285.42857142857065,9483.0,9026.0,1 days,Wednesday,10978.0,9261.714285714286,170.23387274158577
2023-11-12,96.0,160.0,233.0,313.0,9477,11,2023,9406.42857142857,70.57142857142935,9634.0,9072.0,4 days,Sunday,11017.0,9348.57142857143,184.43775566384073
2023-11-13,141.0,173.0,129.0,287.0,9510,11,2023,9443.57142857143,66.42857142857065,9477.0,9250.0,1 days,Monday,10984.0,9406.42857142857,141.81779054235741
2023-11-14,116.0,181.0,182.0,247.0,9665,11,2023,9475.42857142857,189.57142857142935,9510.0,9442.0,1 days,Tuesday,10598.0,9443.57142857143,127.32747431060113
2023-11-15,150.0,157.0,201.0,316.0,9762,11,2023,9545.285714285714,216.71428571428623,9665.0,9273.0,1 days,Wednesday,10724.0,9475.42857142857,152.31421157479323
2023-11-16,80.0,176.0,125.0,374.0,9762,11,2023,9613.285714285714,148.71428571428623,9762.0,9286.0,1 days,Thursday,10818.0,9545.285714285714,156.08941271571942
2023-11-19,116.0,188.0,164.0,435.0,9573,11,2023,9626.142857142857,-53.14285714285688,9762.0,9483.0,3 days,Sunday,10963.0,9613.285714285714,124.86754887455625
2023-11-20,105.0,185.0,158.0,298.0,9638,11,2023,9626.714285714286,11.285714285713766,9573.0,9634.0,1 days,Monday,11130.0,9626.142857142857,113.31582497829422
2023-11-21,136.0,246.0,123.0,250.0,9804,11,2023,9673.42857142857,130.57142857142935,9638.0,9477.0,1 days,Tuesday,10815.0,9626.714285714286,113.37212221385522
2023-11-23,128.0,228.0,177.0,283.0,9838,11,2023,9720.285714285714,117.71428571428623,9804.0,9510.0,2 days,Thursday,10910.0,9673.42857142857,108.67360480350563
2023-11-26,90.0,196.0,205.0,312.0,9845,11,2023,9746.0,99.0,9838.0,9665.0,3 days,Sunday,10960.0,9720.285714285714,96.49302960287747
2023-11-27,56.0,82.0,68.0,214.0,10123,11,2023,9797.57142857143,325.42857142857065,9845.0,9762.0,1 days,Monday,10992.0,9746.0,103.06470459556374
2023-11-28,74.0,103.0,80.0,223.0,10223,11,2023,9863.42857142857,359.57142857142935,10123.0,9762.0,1 days,Tuesday,10571.0,9797.57142857143,176.53598041473214
2023-11-29,68.0,107.0,102.0,284.0,10398,11,2023,9981.285714285714,416.71428571428623,10223.0,9573.0,1 days,Wednesday,10629.0,9863.42857142857,236.76771819864223
2023-11-30,92.0,124.0,93.0,320.0,10536,11,2023,10109.57142857143,426.42857142857065,10398.0,9638.0,1 days,Thursday,10630.0,9981.285714285714,270.96722697639836
2023-12-03,132.0,235.0,197.0,417.0,10579,12,2023,10220.285714285714,358.71428571428623,10536.0,9804.0,3 days,Sunday,10511.0,10109.57142857143,293.0306338610268
2023-12-04,174.0,208.0,256.0,273.0,10635,12,2023,10334.142857142857,300.8571428571431,10579.0,9838.0,1 days,Monday,10319.0,10220.285714285714,304.51804231487245
2023-12-05,123.0,230.0,167.0,261.0,10761,12,2023,10465.0,296.0,10635.0,9845.0,1 days,Tuesday,9506.0,10334.142857142857,286.20763358767266
2023-12-06,123.0,233.0,159.0,376.0,10832,12,2023,10566.285714285714,265.71428571428623,10761.0,10123.0,1 days,Wednesday,9436.0,10465.0,228.97234185241885
2023-12-07,141.0,232.0,188.0,466.0,10897,12,2023,10662.57142857143,234.42857142857065,10832.0,10223.0,1 days,Thursday,9396.0,10566.285714285714,208.36003638402877
2023-12-10,158.0,226.0,191.0,411.0,10871,12,2023,10730.142857142857,140.85714285714312,10897.0,10398.0,3 days,Sunday,9351.0,10662.57142857143,176.5945045794729
2023-12-11,96.0,160.0,233.0,304.0,10998,12,2023,10796.142857142857,201.85714285714312,10871.0,10536.0,1 days,Monday,9235.0,10730.142857142857,146.39948607785828
2023-12-12,141.0,173.0,129.0,259.0,11077,12,2023,10867.285714285714,209.71428571428623,10998.0,10579.0,1 days,Tuesday,8925.0,10796.142857142857,148.4143171121378
2023-12-13,116.0,181.0,182.0,335.0,11192,12,2023,10946.857142857143,245.14285714285688,11077.0,10635.0,1 days,Wednesday,9026.0,10867.285714285714,146.32237728827405
2023-12-14,150.0,157.0,201.0,396.0,11242,12,2023,11015.57142857143,226.42857142857065,11192.0,10761.0,1 days,Thursday,9072.0,10946.857142857143,150.34563353774146
2023-12-17,80.0,176.0,125.0,456.0,11092,12,2023,11052.714285714286,39.285714285713766,11242.0,10832.0,3 days,Sunday,9250.0,11015.57142857143,160.79889836171816
2023-12-18,116.0,188.0,164.0,364.0,11149,12,2023,11088.714285714286,60.285714285713766,11092.0,10897.0,1 days,Monday,9442.0,11052.714285714286,140.01394488393572
2023-12-19,105.0,185.0,158.0,272.0,11291,12,2023,11148.714285714286,142.28571428571377,11149.0,10871.0,1 days,Tuesday,9273.0,11088.714285714286,124.88356481924416
2023-12-20,136.0,246.0,123.0,390.0,11516,12,2023,11222.714285714286,293.28571428571377,11291.0,10998.0,1 days,Wednesday,9286.0,11148.714285714286,101.5672425635513
2023-12-21,128.0,228.0,177.0,497.0,11375,12,2023,11265.285714285714,109.71428571428623,11516.0,11077.0,1 days,Thursday,9483.0,11222.714285714286,150.41466493873244
2023-12-25,90.0,196.0,205.0,347.0,11144,12,2023,11258.42857142857,-114.42857142857065,11375.0,11192.0,4 days,Monday,9634.0,11265.285714285714,144.3487839527295
2023-12-26,56.0,82.0,68.0,288.0,11217,12,2023,11254.857142857143,-37.85714285714312,11144.0,11242.0,1 days,Tuesday,9477.0,11258.42857142857,149.45998031026886
2023-12-27,74.0,103.0,80.0,335.0,11206,12,2023,11271.142857142857,-65.14285714285688,11217.0,11092.0,1 days,Wednesday,9510.0,11254.857142857143,150.2147668857372
2023-12-28,68.0,107.0,102.0,357.0,11230,12,2023,11282.714285714286,-52.714285714286234,11206.0,11149.0,1 days,Thursday,9665.0,11271.142857142857,135.02768675548225
2024-01-01,92.0,124.0,93.0,290.0,10870,1,2024,11222.57142857143,-352.57142857142935,11230.0,11291.0,4 days,Monday,9762.0,11282.714285714286,125.98374800729401
2024-01-02,113.0,162.0,107.0,316.0,10770,1,2024,11116.0,-346.0,10870.0,11516.0,1 days,Tuesday,9762.0,11222.57142857143,200.07320088993765
2024-01-03,106.0,196.0,131.0,263.0,10718,1,2024,11022.142857142857,-304.1428571428569,10770.0,11375.0,1 days,Wednesday,9573.0,11116.0,215.79079374877094
2024-01-04,86.0,152.0,168.0,362.0,10558,1,2024,10938.42857142857,-380.42857142857065,10718.0,11144.0,1 days,Thursday,9638.0,11022.142857142857,226.95552322837585
2024-01-07,84.0,118.0,136.0,367.0,9670,1,2024,10717.42857142857,-1047.4285714285706,10558.0,11217.0,3 days,Sunday,9804.0,10938.42857142857,277.0606775557908
2024-01-08,59.0,64.0,117.0,367.0,9670,1,2024,10498.0,-828.0,9670.0,11206.0,1 days,Monday,9838.0,10717.42857142857,524.4040608611549
2024-01-09,62.0,97.0,52.0,286.0,9311,1,2024,10223.857142857143,-912.8571428571431,9670.0,11230.0,1 days,Tuesday,9845.0,10498.0,601.5757087294833
2024-01-10,91.0,75.0,97.0,349.0,9144,1,2024,9977.285714285714,-833.2857142857138,9311.0,10870.0,1 days,Wednesday,10123.0,10223.857142857143,647.8714966646689
2024-01-11,29.0,51.0,11.0,476.0,8829,1,2024,9700.0,-871.0,9144.0,10770.0,1 days,Thursday,10223.0,9977.285714285714,688.1658507186158
2024-01-15,33.0,53.0,34.0,234.0,8033,1,2024,9316.42857142857,-1283.4285714285706,8829.0,10718.0,4 days,Monday,10398.0,9700.0,706.3268837207751
2024-01-16,32.0,49.0,39.0,188.0,8133,1,2024,8970.0,-837.0,8033.0,10558.0,1 days,Tuesday,10536.0,9316.42857142857,785.9242663138617
2024-01-17,80.0,176.0,125.0,353.0,8072,1,2024,8741.714285714286,-669.7142857142862,8133.0,9670.0,1 days,Wednesday,10579.0,8970.0,673.9159195824737
2024-01-18,116.0,188.0,164.0,359.0,8042,1,2024,8509.142857142857,-467.1428571428569,8072.0,9670.0,1 days,Thursday,10635.0,8741.714285714286,667.9046125223219
2024-01-21,105.0,185.0,158.0,371.0,7974,1,2024,8318.142857142857,-344.1428571428569,8042.0,9311.0,3 days,Sunday,10761.0,8509.142857142857,566.5449168928815
2024-01-22,136.0,246.0,123.0,222.0,8008,1,2024,8155.857142857143,-147.85714285714312,7974.0,9144.0,1 days,Monday,10832.0,8318.142857142857,467.95207324806285
2024-01-23,128.0,228.0,177.0,202.0,8133,1,2024,8056.428571428572,76.57142857142844,8008.0,8829.0,1 days,Tuesday,10897.0,8155.857142857143,301.01684812840443
2024-01-24,90.0,196.0,205.0,243.0,8212,1,2024,8082.0,130.0,8133.0,8033.0,1 days,Wednesday,10871.0,8056.428571428572,60.3679195790343
2024-01-25,102.0,189.0,155.0,293.0,8180,1,2024,8088.714285714285,91.28571428571468,8212.0,8133.0,1 days,Thursday,10998.0,8082.0,82.60548811478549
2024-01-28,120.0,257.0,126.0,307.0,8004,1,2024,8079.0,-75.0,8180.0,8072.0,3 days,Sunday,11077.0,8088.714285714285,89.09679060018645
2024-01-29,137.0,272.0,166.0,195.0,8057,1,2024,8081.142857142857,-24.142857142856883,8004.0,8042.0,1 days,Monday,11192.0,8079.0,94.75054969065847
2024-01-30,93.0,198.0,208.0,187.0,8182,1,2024,8110.857142857143,71.14285714285688,8057.0,7974.0,1 days,Tuesday,11242.0,8081.142857142857,93.94045733242318
2024-01-31,203.0,477.0,258.0,266.0,8153,1,2024,8131.571428571428,21.42857142857156,8182.0,8008.0,1 days,Wednesday,11092.0,8110.857142857143,87.04487074966072
2024-02-01,222.0,459.0,289.0,337.0,8026,2,2024,8116.285714285715,-90.28571428571468,8153.0,8133.0,1 days,Thursday,11149.0,8131.571428571428,74.89293946006003
2024-02-04,253.0,531.0,248.0,342.0,7813,2,2024,8059.285714285715,-246.28571428571468,8026.0,8212.0,3 days,Sunday,11291.0,8116.285714285715,84.81492456276246
2024-02-05,157.0,466.0,345.0,242.0,7872,2,2024,8015.285714285715,-143.28571428571468,7813.0,8180.0,1 days,Monday,11516.0,8059.285714285715,131.17382143014063
2024-02-06,291.0,455.0,323.0,178.0,8045,2,2024,8021.142857142857,23.857142857143117,7872.0,8004.0,1 days,Tuesday,11375.0,8015.285714285715,135.5184050055658
2024-02-07,227.0,453.0,330.0,222.0,8160,2,2024,8035.857142857143,124.14285714285688,8045.0,8057.0,1 days,Wednesday,11144.0,8021.142857142857,135.83498392224809
2024-02-08,298.0,499.0,358.0,315.0,8188,2,2024,8036.714285714285,151.28571428571468,8160.0,8182.0,1 days,Thursday,11217.0,8035.857142857143,145.59467546522518
2024-02-11,205.0,515.0,226.0,347.0,8056,2,2024,8022.857142857143,33.14285714285688,8188.0,8153.0,3 days,Sunday,11206.0,8036.714285714285,146.61254412652707
2024-02-12,213.0,430.0,440.0,234.0,8092,2,2024,8032.285714285715,59.714285714285325,8056.0,8026.0,1 days,Monday,11230.0,8022.857142857143,138.1284771163816
2024-02-13,227.0,369.0,349.0,160.0,8348,2,2024,8108.714285714285,239.28571428571468,8092.0,7813.0,1 days,Tuesday,10870.0,8032.285714285715,140.60904935998767
2024-02-14,185.0,322.0,272.0,230.0,8512,2,2024,8200.142857142857,311.8571428571431,8348.0,7872.0,1 days,Wednesday,10770.0,8108.714285714285,146.81361685911094
2024-02-15,333.0,508.0,272.0,312.0,8463,2,2024,8259.857142857143,203.14285714285688,8512.0,8045.0,1 days,Thursday,10718.0,8200.142857142857,171.95777444039328
2024-02-19,249.0,420.0,371.0,218.0,8380,2,2024,8291.285714285714,88.71428571428623,8463.0,8160.0,4 days,Monday,10558.0,8259.857142857143,181.420715990468
2024-02-20,149.0,395.0,273.0,192.0,8488,2,2024,8334.142857142857,153.85714285714312,8380.0,8188.0,1 days,Tuesday,9670.0,8291.285714285714,180.2911666220037
2024-02-21,232.0,430.0,318.0,231.0,8573,2,2024,8408.0,165.0,8488.0,8056.0,1 days,Wednesday,9670.0,8334.142857142857,187.17231683797453
2024-02-22,165.0,400.0,292.0,293.0,8607,2,2024,8481.57142857143,125.42857142857065,8573.0,8092.0,1 days,Thursday,9311.0,8408.0,159.0104818348567
2024-02-25,244.0,482.0,366.0,329.0,8404,2,2024,8489.57142857143,-85.57142857142935,8607.0,8348.0,3 days,Sunday,9144.0,8481.57142857143,94.4825506692809
2024-02-26,199.0,438.0,326.0,329.0,8404,2,2024,8474.142857142857,-70.14285714285688,8404.0,8512.0,1 days,Monday,8829.0,8489.57142857143,82.95552451548951
2024-02-27,197.0,369.0,306.0,206.0,8650,2,2024,8500.857142857143,149.14285714285688,8404.0,8463.0,1 days,Tuesday,8033.0,8474.142857142857,87.97997607692886
2024-02-28,209.0,447.0,274.0,257.0,8699,2,2024,8546.42857142857,152.57142857142935,8650.0,8380.0,1 days,Wednesday,8133.0,8500.857142857143,109.73366024377925
2024-02-29,262.0,444.0,354.0,299.0,8724,2,2024,8580.142857142857,143.85714285714312,8699.0,8488.0,1 days,Thursday,8072.0,8546.42857142857,117.1649224283461
2024-03-03,236.0,468.0,347.0,354.0,8594,3,2024,8583.142857142857,10.857142857143117,8724.0,8573.0,3 days,Sunday,8042.0,8580.142857142857,130.72034854540055
2024-03-04,225.0,509.0,340.0,229.0,8660,3,2024,8590.714285714286,69.28571428571377,8594.0,8607.0,1 days,Monday,7974.0,8583.142857142857,130.77006356131753
2024-03-05,246.0,472.0,345.0,214.0,8800,3,2024,8647.285714285714,152.71428571428623,8660.0,8404.0,1 days,Tuesday,8008.0,8590.714285714286,133.87894318597287
2024-03-06,230.0,457.0,277.0,232.0,8870,3,2024,8713.857142857143,156.14285714285688,8800.0,8404.0,1 days,Wednesday,8133.0,8647.285714285714,125.21809545186784
2024-03-07,181.0,424.0,328.0,305.0,8902,3,2024,8749.857142857143,152.14285714285688,8870.0,8650.0,1 days,Thursday,8212.0,8713.857142857143,94.4006154137673
2024-03-10,190.0,368.0,326.0,373.0,8714,3,2024,8752.0,-38.0,8902.0,8699.0,3 days,Sunday,8180.0,8749.857142857143,112.3364419522807
2024-03-11,178.0,336.0,290.0,253.0,8757,3,2024,8756.714285714286,0.285714285713766,8714.0,8724.0,1 days,Monday,8004.0,8752.0,111.34331292608137
2024-03-12,154.0,294.0,290.0,213.0,8843,3,2024,8792.285714285714,50.714285714286234,8757.0,8594.0,1 days,Tuesday,8057.0,8756.714285714286,110.65669777255567
2024-03-13,165.0,358.0,167.0,239.0,8819,3,2024,8815.0,4.0,8843.0,8660.0,1 days,Wednesday,8182.0,8792.285714285714,87.16022465509607
2024-03-14,166.0,301.0,252.0,310.0,8695,3,2024,8800.0,-105.0,8819.0,8800.0,1 days,Thursday,8153.0,8815.0,64.78682993753769
2024-03-17,127.0,260.0,259.0,342.0,8373,3,2024,8729.0,-356.0,8695.0,8870.0,3 days,Sunday,8026.0,8800.0,79.35573913306693
2024-03-18,123.0,243.0,188.0,283.0,8333,3,2024,8647.714285714286,-314.71428571428623,8373.0,8902.0,1 days,Monday,7813.0,8729.0,173.16947383037368
2024-03-19,99.0,202.0,256.0,197.0,8390,3,2024,8601.42857142857,-211.42857142857065,8333.0,8714.0,1 days,Tuesday,7872.0,8647.714285714286,208.391230050418
2024-03-20,91.0,181.0,174.0,227.0,8365,3,2024,8545.42857142857,-180.42857142857065,8390.0,8757.0,1 days,Wednesday,8045.0,8601.42857142857,226.41691422603628
2024-03-21,132.0,261.0,141.0,235.0,8292,3,2024,8466.714285714286,-174.71428571428623,8365.0,8843.0,1 days,Thursday,8160.0,8545.42857142857,229.97525746836314
2024-03-24,124.0,264.0,221.0,373.0,7899,3,2024,8335.285714285714,-436.28571428571377,8292.0,8819.0,3 days,Sunday,8188.0,8466.714285714286,203.97607235962374
2024-03-25,128.0,242.0,224.0,229.0,7899,3,2024,8221.57142857143,-322.57142857142935,7899.0,8695.0,1 days,Monday,8056.0,8335.285714285714,233.42287397608996
2024-03-26,187.0,276.0,200.0,208.0,7919,3,2024,8156.714285714285,-237.71428571428532,7899.0,8373.0,1 days,Tuesday,8092.0,8221.57142857143,222.6176521474383
2024-03-27,129.0,287.0,185.0,215.0,7893,3,2024,8093.857142857143,-200.85714285714312,7919.0,8333.0,1 days,Wednesday,8348.0,8156.714285714285,236.82814745842572
2024-03-28,161.0,288.0,248.0,360.0,7762,3,2024,8004.142857142857,-242.14285714285688,7893.0,8390.0,1 days,Thursday,8512.0,8093.857142857143,240.60231958668695
2024-03-31,105.0,254.0,151.0,287.0,7257,3,2024,7845.857142857143,-588.8571428571431,7762.0,8365.0,3 days,Sunday,8463.0,8004.142857142857,228.55519287579915
2024-04-01,109.0,235.0,171.0,172.0,7271,4,2024,7700.0,-429.0,7257.0,8292.0,1 days,Monday,8380.0,7845.857142857143,307.1505757612916
2024-04-02,101.0,230.0,175.0,132.0,7340,4,2024,7620.142857142857,-280.1428571428569,7271.0,7899.0,1 days,Tuesday,8488.0,7700.0,302.3645702349222
2024-04-03,124.0,230.0,190.0,163.0,7346,4,2024,7541.142857142857,-195.14285714285688,7340.0,7899.0,1 days,Wednesday,8573.0,7620.142857142857,314.6174547878077
2024-04-04,95.0,226.0,152.0,225.0,7317,4,2024,7455.142857142857,-138.14285714285688,7346.0,7919.0,1 days,Thursday,8607.0,7541.142857142857,302.1067298000675
2024-04-07,106.0,239.0,233.0,279.0,6982,4,2024,7325.0,-343.0,7317.0,7893.0,3 days,Sunday,8404.0,7455.142857142857,259.2626908314366
2024-04-08,102.0,230.0,167.0,199.0,6988,4,2024,7214.428571428572,-226.42857142857156,6982.0,7762.0,1 days,Monday,8404.0,7325.0,229.81441788251672
2024-04-09,118.0,231.0,217.0,130.0,7043,4,2024,7183.857142857143,-140.85714285714312,6988.0,7257.0,1 days,Tuesday,8650.0,7214.428571428572,160.15914704120095
2024-04-10,117.0,244.0,142.0,227.0,6999,4,2024,7145.0,-146.0,7043.0,7271.0,1 days,Wednesday,8699.0,7183.857142857143,170.75267550023528
2024-04-11,183.0,221.0,220.0,285.0,6912,4,2024,7083.857142857143,-171.85714285714312,6999.0,7340.0,1 days,Thursday,8724.0,7145.0,178.39469349360954
2024-04-14,128.0,245.0,243.0,290.0,6630,4,2024,6981.571428571428,-351.57142857142844,6912.0,7346.0,3 days,Sunday,8594.0,7083.857142857143,173.7061009976947
2024-04-15,144.0,303.0,176.0,191.0,6681,4,2024,6890.714285714285,-209.71428571428532,6630.0,7317.0,1 days,Monday,8660.0,6981.571428571428,202.1029911892201
2024-04-16,219.0,392.0,205.0,163.0,6685,4,2024,6848.285714285715,-163.28571428571468,6681.0,6982.0,1 days,Tuesday,8800.0,6890.714285714285,165.89124377710505
2024-04-17,182.0,371.0,274.0,227.0,6725,4,2024,6810.714285714285,-85.71428571428532,6685.0,6988.0,1 days,Wednesday,8870.0,6848.285714285715,176.3062811187239
2024-04-18,144.0,322.0,258.0,260.0,6728,4,2024,6765.714285714285,-37.714285714285325,6725.0,7043.0,1 days,Thursday,8902.0,6810.714285714285,169.4606289434633
2024-04-21,208.0,380.0,343.0,240.0,6745,4,2024,6729.428571428572,15.571428571428442,6728.0,6999.0,3 days,Sunday,8714.0,6765.714285714285,136.0217069511838
2024-04-22,176.0,424.0,251.0,214.0,6799,4,2024,6713.285714285715,85.71428571428532,6745.0,6912.0,1 days,Monday,8757.0,6729.428571428572,89.25778610833343
2024-04-23,252.0,427.0,307.0,134.0,6967,4,2024,6761.428571428572,205.57142857142844,6799.0,6630.0,1 days,Tuesday,8843.0,6713.285714285715,53.9836836020529
2024-04-24,253.0,411.0,307.0,154.0,7128,4,2024,6825.285714285715,302.7142857142853,6967.0,6681.0,1 days,Wednesday,8819.0,6761.428571428572,98.90712334118355
2024-04-25,145.0,357.0,333.0,217.0,7209,4,2024,6900.142857142857,308.8571428571431,7128.0,6685.0,1 days,Thursday,8695.0,6825.285714285715,162.30497454457355
2024-04-28,158.0,349.0,365.0,250.0,7298,4,2024,6982.0,316.0,7209.0,6725.0,3 days,Sunday,8373.0,6900.142857142857,202.64453983224038
2024-04-29,140.0,292.0,255.0,187.0,7373,4,2024,7074.142857142857,298.8571428571431,7298.0,6728.0,1 days,Monday,8333.0,6982.0,233.48804394803318
2024-04-30,220.0,443.0,194.0,135.0,7431,4,2024,7172.142857142857,258.8571428571431,7373.0,6745.0,1 days,Tuesday,8390.0,7074.142857142857,243.59558601054894
2024-05-01,197.0,437.0,295.0,190.0,7508,5,2024,7273.428571428572,234.57142857142844,7431.0,6799.0,1 days,Wednesday,8365.0,7172.142857142857,226.50123514856168
2024-05-02,206.0,411.0,293.0,194.0,7577,5,2024,7360.571428571428,216.42857142857156,7508.0,6967.0,1 days,Thursday,8292.0,7273.428571428572,186.89110656824082
2024-05-05,150.0,315.0,228.0,332.0,7447,5,2024,7406.142857142857,40.85714285714312,7577.0,7128.0,3 days,Sunday,7899.0,7360.571428571428,160.5561761948218
2024-05-06,173.0,337.0,211.0,205.0,7449,5,2024,7440.428571428572,8.571428571428442,7447.0,7209.0,1 days,Monday,7899.0,7406.142857142857,124.84180465891117
2024-05-07,176.0,334.0,246.0,163.0,7566,5,2024,7478.714285714285,87.28571428571468,7449.0,7298.0,1 days,Tuesday,7919.0,7440.428571428572,89.68065035244247
2024-05-08,167.0,374.0,205.0,202.0,7583,5,2024,7508.714285714285,74.28571428571468,7566.0,7373.0,1 days,Wednesday,7893.0,7478.714285714285,74.69652889251202
2024-05-09,138.0,285.0,268.0,244.0,7570,5,2024,7528.571428571428,41.42857142857156,7583.0,7431.0,1 days,Thursday,7762.0,7508.714285714285,66.92960054109264
2024-05-12,138.0,301.0,263.0,245.0,7464,5,2024,7522.285714285715,-58.285714285714675,7570.0,7508.0,3 days,Sunday,7257.0,7528.571428571428,60.32372983305508
2024-05-13,112.0,331.0,167.0,157.0,7499,5,2024,7511.142857142857,-12.142857142856883,7464.0,7577.0,1 days,Monday,7271.0,7522.285714285715,64.94026559275116
2024-05-14,246.0,419.0,218.0,186.0,7546,5,2024,7525.285714285715,20.714285714285325,7499.0,7447.0,1 days,Tuesday,7340.0,7511.142857142857,60.529410403772765
2024-05-15,115.0,285.0,341.0,265.0,7589,5,2024,7545.285714285715,43.714285714285325,7546.0,7449.0,1 days,Wednesday,7346.0,7525.285714285715,54.288471108119154
2024-05-16,206.0,340.0,214.0,234.0,7565,5,2024,7545.142857142857,19.857142857143117,7589.0,7566.0,1 days,Thursday,7317.0,7545.285714285715,46.76791737139164
2024-05-19,143.0,295.0,278.0,298.0,7356,5,2024,7512.714285714285,-156.71428571428532,7565.0,7583.0,3 days,Sunday,6982.0,7545.142857142857,46.69556928120063
2024-05-20,111.0,268.0,217.0,192.0,7368,5,2024,7483.857142857143,-115.85714285714312,7356.0,7570.0,1 days,Monday,6988.0,7512.714285714285,81.71436896444186
2024-05-21,196.0,348.0,176.0,145.0,7404,5,2024,7475.285714285715,-71.28571428571468,7368.0,7464.0,1 days,Tuesday,7043.0,7483.857142857143,93.00076804608312
2024-05-22,168.0,349.0,272.0,208.0,7474,5,2024,7471.714285714285,2.2857142857146755,7404.0,7499.0,1 days,Wednesday,6999.0,7475.285714285715,97.77817460246344
2024-05-23,193.0,272.0,314.0,227.0,7494,5,2024,7464.285714285715,29.714285714285325,7474.0,7546.0,1 days,Thursday,6912.0,7471.714285714285,97.22262131446801
2024-05-27,156.0,344.0,252.0,167.0,7365,5,2024,7432.285714285715,-67.28571428571468,7494.0,7589.0,4 days,Monday,6630.0,7464.285714285715,92.47110230727776
2024-05-28,153.0,348.0,239.0,151.0,7418,5,2024,7411.285714285715,6.7142857142853245,7365.0,7565.0,1 days,Tuesday,6681.0,7432.285714285715,80.04314312870697
2024-05-29,182.0,462.0,158.0,141.0,7491,5,2024,7430.571428571428,60.42857142857156,7418.0,7356.0,1 days,Wednesday,6685.0,7411.285714285715,54.689164940803565
2024-05-30,167.0,406.0,339.0,190.0,7563,5,2024,7458.428571428572,104.57142857142844,7491.0,7368.0,1 days,Thursday,6725.0,7430.571428571428,55.73705273547318
2024-06-02,159.0,330.0,322.0,306.0,7546,6,2024,7478.714285714285,67.28571428571468,7563.0,7404.0,3 days,Sunday,6728.0,7458.428571428572,66.87016560198738
2024-06-03,109.0,244.0,257.0,224.0,7596,6,2024,7496.142857142857,99.85714285714312,7546.0,7474.0,1 days,Monday,6745.0,7478.714285714285,69.10792112285793
2024-06-04,260.0,356.0,176.0,203.0,7565,6,2024,7506.285714285715,58.714285714285325,7596.0,7494.0,1 days,Tuesday,6799.0,7496.142857142857,81.91749624161358
2024-06-05,173.0,345.0,291.0,198.0,7691,6,2024,7552.857142857143,138.14285714285688,7565.0,7365.0,1 days,Wednesday,6967.0,7506.285714285715,85.90637206822008
2024-06-06,179.0,326.0,282.0,238.0,7741,6,2024,7599.0,142.0,7691.0,7418.0,1 days,Thursday,7128.0,7552.857142857143,84.9066714526138
2024-06-09,116.0,289.0,166.0,312.0,7451,6,2024,7593.285714285715,-142.28571428571468,7741.0,7491.0,3 days,Sunday,7209.0,7599.0,87.14164714237643
2024-06-10,184.0,334.0,229.0,212.0,7439,6,2024,7575.571428571428,-136.57142857142844,7451.0,7563.0,1 days,Monday,7298.0,7593.285714285715,96.24052210611596
2024-06-11,186.0,352.0,224.0,156.0,7493,6,2024,7568.0,-75.0,7439.0,7546.0,1 days,Tuesday,7373.0,7575.571428571428,112.7413812565668
2024-06-12,152.0,266.0,274.0,212.0,7548,6,2024,7561.142857142857,-13.142857142856883,7493.0,7596.0,1 days,Wednesday,7431.0,7568.0,116.76614806249607
2024-06-13,167.0,293.0,230.0,259.0,7544,6,2024,7558.142857142857,-14.142857142856883,7548.0,7565.0,1 days,Thursday,7508.0,7561.142857142857,116.25608023022085
2024-06-16,204.0,315.0,233.0,294.0,7307,6,2024,7503.285714285715,-196.28571428571468,7544.0,7691.0,3 days,Sunday,7577.0,7558.142857142857,116.41080787665516
2024-06-17,159.0,310.0,272.0,224.0,7318,6,2024,7442.857142857143,-124.85714285714312,7307.0,7741.0,1 days,Monday,7447.0,7503.285714285715,132.7060841179619
2024-06-18,160.0,297.0,253.0,214.0,7340,6,2024,7427.0,-87.0,7318.0,7451.0,1 days,Tuesday,7449.0,7442.857142857143,98.25719409027717
2024-06-19,204.0,321.0,246.0,198.0,7433,6,2024,7426.142857142857,6.857142857143117,7340.0,7439.0,1 days,Wednesday,7566.0,7427.0,105.41979573757186
2024-06-20,145.0,247.0,243.0,235.0,7431,6,2024,7417.285714285715,13.714285714285325,7433.0,7493.0,1 days,Thursday,7583.0,7426.142857142857,105.33031942652704
2024-06-23,102.0,227.0,201.0,294.0,7247,6,2024,7374.285714285715,-127.28571428571468,7431.0,7548.0,3 days,Sunday,7570.0,7417.285714285715,101.30106002368728
2024-06-24,116.0,175.0,172.0,202.0,7239,6,2024,7330.714285714285,-91.71428571428532,7247.0,7544.0,1 days,Monday,7464.0,7374.285714285715,100.44851796777395
2024-06-25,172.0,263.0,191.0,202.0,7239,6,2024,7321.0,-82.0,7239.0,7307.0,1 days,Tuesday,7499.0,7330.714285714285,78.26177075636427
2024-06-26,132.0,235.0,197.0,187.0,7268,6,2024,7313.857142857143,-45.85714285714312,7239.0,7318.0,1 days,Wednesday,7546.0,7321.0,85.57452892079996
2024-06-27,174.0,208.0,256.0,268.0,7248,6,2024,7300.714285714285,-52.714285714285325,7268.0,7340.0,1 days,Thursday,7589.0,7313.857142857143,87.92123098068859
2024-06-30,123.0,230.0,167.0,273.0,6874,6,2024,7220.857142857143,-346.8571428571431,7248.0,7433.0,3 days,Sunday,7565.0,7300.714285714285,90.20848867256339
2024-07-01,123.0,233.0,159.0,229.0,6825,7,2024,7134.285714285715,-309.2857142857147,6874.0,7431.0,1 days,Monday,7356.0,7220.857142857143,167.71546198991803
2024-07-02,141.0,232.0,188.0,184.0,6823,7,2024,7073.714285714285,-250.71428571428532,6825.0,7247.0,1 days,Tuesday,7368.0,7134.285714285715,195.29952575958558
2024-07-04,158.0,226.0,191.0,225.0,6790,7,2024,7009.571428571428,-219.57142857142844,6823.0,7239.0,2 days,Thursday,7404.0,7073.714285714285,218.84676091255764
2024-07-07,96.0,160.0,233.0,213.0,6599,7,2024,6918.142857142857,-319.1428571428569,6790.0,7239.0,3 days,Sunday,7474.0,7009.571428571428,227.93921495499245
2024-07-08,141.0,173.0,129.0,123.0,6617,7,2024,6825.142857142857,-208.14285714285688,6599.0,7268.0,1 days,Monday,7494.0,6918.142857142857,248.04396691679653
2024-07-09,116.0,181.0,182.0,130.0,6651,7,2024,6739.857142857143,-88.85714285714312,6617.0,7248.0,1 days,Tuesday,7365.0,6825.142857142857,214.82506726129427
2024-07-10,150.0,157.0,201.0,177.0,6649,7,2024,6707.714285714285,-58.714285714285325,6651.0,6874.0,1 days,Wednesday,7418.0,6739.857142857143,113.65214262748607
2024-07-11,80.0,176.0,125.0,197.0,6640,7,2024,6681.285714285715,-41.285714285714675,6649.0,6825.0,1 days,Thursday,7491.0,6707.714285714285,100.44022150138134
2024-07-14,116.0,188.0,164.0,237.0,6308,7,2024,6607.714285714285,-299.7142857142853,6640.0,6823.0,3 days,Sunday,7563.0,6681.285714285715,88.0051405425436
2024-07-15,105.0,185.0,158.0,171.0,6283,7,2024,6535.285714285715,-252.28571428571468,6308.0,6790.0,1 days,Monday,7546.0,6607.714285714285,145.96770680043753
2024-07-16,136.0,246.0,123.0,173.0,6239,7,2024,6483.857142857143,-244.85714285714312,6283.0,6599.0,1 days,Tuesday,7596.0,6535.285714285715,164.9896100625052
2024-07-17,128.0,228.0,177.0,187.0,6228,7,2024,6428.285714285715,-200.28571428571468,6239.0,6617.0,1 days,Wednesday,7565.0,6483.857142857143,195.16696148976706
2024-07-21,90.0,196.0,205.0,262.0,6058,7,2024,6343.571428571428,-285.57142857142844,6228.0,6651.0,4 days,Sunday,7691.0,6428.285714285715,206.0175674432709
2024-07-22,102.0,189.0,155.0,234.0,6002,7,2024,6251.142857142857,-249.14285714285688,6058.0,6649.0,1 days,Monday,7741.0,6343.571428571428,220.58018734152546
2024-07-23,120.0,257.0,126.0,170.0,5965,7,2024,6154.714285714285,-189.71428571428532,6002.0,6640.0,1 days,Tuesday,7451.0,6251.142857142857,206.36410263692946
2024-07-24,137.0,272.0,166.0,177.0,5927,7,2024,6100.285714285715,-173.28571428571468,5965.0,6308.0,1 days,Wednesday,7439.0,6154.714285714285,142.0653773041575
2024-07-25,93.0,198.0,208.0,194.0,5954,7,2024,6053.285714285715,-99.28571428571468,5927.0,6283.0,1 days,Thursday,7493.0,6100.285714285715,146.46696360808457
2024-07-28,152.0,290.0,199.0,207.0,5743,7,2024,5982.428571428572,-239.42857142857156,5954.0,6239.0,3 days,Sunday,7548.0,6053.285714285715,129.9149905203582
2024-07-29,114.0,210.0,219.0,163.0,5819,7,2024,5924.0,-105.0,5743.0,6228.0,1 days,Monday,7544.0,5982.428571428572,146.00782757881467
2024-07-30,125.0,203.0,208.0,92.0,5930,7,2024,5905.714285714285,24.285714285714675,5819.0,6058.0,1 days,Tuesday,7307.0,5924.0,108.33282051159944
2024-07-31,140.0,261.0,163.0,154.0,5963,7,2024,5900.142857142857,62.85714285714312,5930.0,6002.0,1 days,Wednesday,7318.0,5905.714285714285,91.42886904712475
2024-08-01,227.0,298.0,212.0,169.0,6016,8,2024,5907.428571428572,108.57142857142844,5963.0,5965.0,1 days,Thursday,7340.0,5900.142857142857,85.585101062087
2024-08-04,63.0,167.0,143.0,170.0,5943,8,2024,5909.714285714285,33.285714285714675,6016.0,5927.0,3 days,Sunday,7433.0,5907.428571428572,93.80273120197832
2024-08-05,172.0,259.0,138.0,150.0,5950,8,2024,5909.142857142857,40.85714285714312,5943.0,5954.0,1 days,Monday,7431.0,5909.714285714285,94.5510695968216
2024-08-06,163.0,283.0,200.0,143.0,5998,8,2024,5945.571428571428,52.42857142857156,5950.0,5743.0,1 days,Tuesday,7247.0,5909.142857142857,94.25042629686664
2024-08-07,135.0,273.0,207.0,174.0,6038,8,2024,5976.857142857143,61.14285714285688,5998.0,5819.0,1 days,Wednesday,7239.0,5945.571428571428,63.641855050621835
2024-08-08,119.0,230.0,213.0,174.0,6084,8,2024,5998.857142857143,85.14285714285688,6038.0,5930.0,1 days,Thursday,7239.0,5976.857142857143,40.769386273794105
2024-08-11,95.0,211.0,140.0,249.0,5894,8,2024,5989.0,-95.0,6084.0,5963.0,3 days,Sunday,7268.0,5998.857142857143,51.4277116330167
2024-08-12,109.0,219.0,155.0,148.0,5903,8,2024,5972.857142857143,-69.85714285714312,5894.0,6016.0,1 days,Monday,7248.0,5989.0,64.41790641324633
2024-08-13,162.0,239.0,189.0,123.0,5981,8,2024,5978.285714285715,2.7142857142853245,5903.0,5943.0,1 days,Tuesday,6874.0,5972.857142857143,70.4046129440994
2024-08-14,109.0,226.0,191.0,178.0,5987,8,2024,5983.571428571428,3.4285714285715585,5981.0,5950.0,1 days,Wednesday,6825.0,5978.285714285715,69.17300602043936
2024-08-15,124.0,241.0,156.0,220.0,5895,8,2024,5968.857142857143,-73.85714285714312,5987.0,5998.0,1 days,Thursday,6823.0,5983.571428571428,68.05599935066765
2024-08-18,86.0,244.0,235.0,178.0,5821,8,2024,5937.857142857143,-116.85714285714312,5895.0,6038.0,3 days,Sunday,6790.0,5968.857142857143,75.17851770159099
2024-08-19,176.0,254.0,162.0,158.0,5865,8,2024,5906.571428571428,-41.57142857142844,5821.0,6084.0,1 days,Monday,6599.0,5937.857142857143,85.89223591498158
2024-08-20,136.0,274.0,245.0,112.0,5995,8,2024,5921.0,74.0,5865.0,5894.0,1 days,Tuesday,6617.0,5906.571428571428,59.67092296602656
2024-08-21,134.0,245.0,167.0,156.0,6028,8,2024,5938.857142857143,89.14285714285688,5995.0,5903.0,1 days,Wednesday,6651.0,5921.0,67.783970573176
2024-08-22,182.0,307.0,205.0,171.0,6054,8,2024,5949.285714285715,104.71428571428532,6028.0,5981.0,1 days,Thursday,6649.0,5938.857142857143,77.95389357696112
2024-08-27,149.0,285.0,222.0,97.0,6152,8,2024,5972.857142857143,179.14285714285688,6054.0,5987.0,5 days,Tuesday,6640.0,5949.285714285715,88.67678066196451
2024-08-28,170.0,285.0,178.0,134.0,6227,8,2024,6020.285714285715,206.71428571428532,6152.0,5895.0,1 days,Wednesday,6308.0,5972.857142857143,117.58887216544673
2024-08-29,145.0,295.0,188.0,169.0,6250,8,2024,6081.571428571428,168.42857142857156,6227.0,5821.0,1 days,Thursday,6283.0,6020.285714285715,144.76614968713295
2024-09-02,133.0,270.0,198.0,129.0,6192,9,2024,6128.285714285715,63.714285714285325,6250.0,5865.0,4 days,Monday,6239.0,6081.571428571428,136.9341169356713
2024-09-03,131.0,263.0,177.0,112.0,6272,9,2024,6167.857142857143,104.14285714285688,6192.0,5995.0,1 days,Tuesday,6228.0,6128.285714285715,102.079567471841
2024-09-04,121.0,231.0,219.0,114.0,6375,9,2024,6217.428571428572,157.57142857142844,6272.0,6028.0,1 days,Wednesday,6058.0,6167.857142857143,95.26179467031821
2024-09-05,126.0,230.0,175.0,121.0,6448,9,2024,6273.714285714285,174.28571428571468,6375.0,6054.0,1 days,Thursday,6002.0,6217.428571428572,100.49520244412898
2024-09-08,123.0,255.0,164.0,221.0,6312,9,2024,6296.571428571428,15.428571428571558,6448.0,6152.0,3 days,Sunday,5965.0,6273.714285714285,103.98191234651983
2024-09-09,144.0,275.0,190.0,141.0,6353,9,2024,6314.571428571428,38.42857142857156,6312.0,6227.0,1 days,Monday,5927.0,6296.571428571428,89.31938412771233
2024-09-10,131.0,251.0,180.0,148.0,6396,9,2024,6335.428571428572,60.57142857142844,6353.0,6250.0,1 days,Tuesday,5954.0,6314.571428571428,85.58009336845798
2024-09-11,93.0,248.0,175.0,162.0,6410,9,2024,6366.571428571428,43.42857142857156,6396.0,6192.0,1 days,Wednesday,5743.0,6335.428571428572,85.00952327604743
2024-09-12,184.0,280.0,210.0,220.0,6360,9,2024,6379.142857142857,-19.142857142856883,6410.0,6272.0,1 days,Thursday,5819.0,6366.571428571428,59.944021505800094
2024-09-13,81.0,200.0,212.0,279.0,6326,9,2024,6372.142857142857,-46.14285714285688,6360.0,6375.0,1 days,Friday,5930.0,6379.142857142857,43.880248295541996
2024-09-15,98.0,220.0,167.0,210.0,6234,9,2024,6341.571428571428,-107.57142857142844,6326.0,6448.0,2 days,Sunday,5963.0,6372.142857142857,48.333661739464944
2024-09-16,113.0,209.0,160.0,164.0,6229,9,2024,6329.714285714285,-100.71428571428532,6234.0,6312.0,1 days,Monday,6016.0,6341.571428571428,58.88366254138409
2024-09-17,159.0,304.0,139.0,160.0,6227,9,2024,6311.714285714285,-84.71428571428532,6229.0,6353.0,1 days,Tuesday,5943.0,6329.714285714285,72.59181378484217
2024-09-18,116.0,213.0,217.0,149.0,6245,9,2024,6290.142857142857,-45.14285714285688,6227.0,6396.0,1 days,Wednesday,5950.0,6311.714285714285,80.99118117778646
2024-09-19,93.0,196.0,169.0,188.0,6270,9,2024,6270.142857142857,-0.142857142856883,6245.0,6410.0,1 days,Thursday,5998.0,6290.142857142857,74.66241484493787
2024-09-22,124.0,234.0,161.0,197.0,5989,9,2024,6217.142857142857,-228.14285714285688,6270.0,6360.0,3 days,Sunday,6038.0,6270.142857142857,52.73654195284414
2024-09-23,92.0,203.0,173.0,165.0,6002,9,2024,6170.857142857143,-168.85714285714312,5989.0,6326.0,1 days,Monday,6084.0,6217.142857142857,106.45097239485551
2024-09-24,186.0,259.0,172.0,143.0,6023,9,2024,6140.714285714285,-117.71428571428532,6002.0,6234.0,1 days,Tuesday,5894.0,6170.857142857143,120.7137503510261
2024-09-25,154.0,225.0,220.0,169.0,6050,9,2024,6115.142857142857,-65.14285714285688,6023.0,6229.0,1 days,Wednesday,5903.0,6140.714285714285,128.41691774024483
2024-09-26,91.0,199.0,172.0,185.0,6090,9,2024,6095.571428571428,-5.5714285714284415,6050.0,6227.0,1 days,Thursday,5981.0,6115.142857142857,125.69994506950272
2024-09-29,81.0,213.0,153.0,177.0,5925,9,2024,6049.857142857143,-124.85714285714312,6090.0,6245.0,3 days,Sunday,5987.0,6095.571428571428,115.64436453030764
2024-09-30,209.0,285.0,184.0,138.0,5967,9,2024,6006.571428571428,-39.57142857142844,5925.0,6270.0,1 days,Monday,5895.0,6049.857142857143,109.83233975993637
2024-10-01,184.0,314.0,217.0,137.0,6040,10,2024,6013.857142857143,26.142857142856883,5967.0,5989.0,1 days,Tuesday,5821.0,6006.571428571428,54.261272693188836
2024-10-02,107.0,215.0,230.0,173.0,6091,10,2024,6026.571428571428,64.42857142857156,6040.0,6002.0,1 days,Wednesday,5865.0,6013.857142857143,54.92852498603809
2024-10-03,101.0,162.0,178.0,193.0,6118,10,2024,6040.142857142857,77.85714285714312,6091.0,6023.0,1 days,Thursday,5995.0,6026.571428571428,61.61941561676363
2024-10-07,99.0,190.0,176.0,153.0,5968,10,2024,6028.428571428572,-60.42857142857156,6118.0,6050.0,4 days,Monday,6028.0,6040.142857142857,70.52051373282846
2024-10-08,167.0,239.0,166.0,123.0,6013,10,2024,6017.428571428572,-4.4285714285715585,5968.0,6090.0,1 days,Tuesday,6054.0,6028.428571428572,75.26144905783309
2024-10-09,115.0,216.0,169.0,137.0,6047,10,2024,6034.857142857143,12.142857142856883,6013.0,5925.0,1 days,Wednesday,6152.0,6017.428571428572,70.22074039022502
2024-10-10,84.0,158.0,193.0,159.0,6075,10,2024,6050.285714285715,24.714285714285325,6047.0,5967.0,1 days,Thursday,6227.0,6034.857142857143,57.432361874428665
2024-10-13,130.0,227.0,192.0,210.0,5889,10,2024,6028.714285714285,-139.71428571428532,6075.0,6040.0,3 days,Sunday,6250.0,6050.285714285715,50.21856989106743
2024-10-14,88.0,214.0,160.0,106.0,5935,10,2024,6006.428571428572,-71.42857142857156,5889.0,6091.0,1 days,Monday,6192.0,6028.714285714285,79.35303876918557
2024-10-15,113.0,208.0,159.0,107.0,6013,10,2024,5991.428571428572,21.57142857142844,5935.0,6118.0,1 days,Tuesday,6272.0,6006.428571428572,80.83699058981587
2024-10-16,174.0,285.0,150.0,129.0,6036,10,2024,6001.142857142857,34.85714285714312,6013.0,5968.0,1 days,Wednesday,6375.0,5991.428571428572,64.8430339174368
2024-10-17,104.0,230.0,206.0,160.0,6076,10,2024,6010.142857142857,65.85714285714312,6036.0,6013.0,1 days,Thursday,6448.0,6001.142857142857,65.83420734801736
2024-10-20,147.0,276.0,214.0,195.0,5918,10,2024,5991.714285714285,-73.71428571428532,6076.0,6047.0,3 days,Sunday,6312.0,6010.142857142857,71.76449579800449
2024-10-21,108.0,220.0,213.0,154.0,5966,10,2024,5976.142857142857,-10.142857142856883,5918.0,6075.0,1 days,Monday,6353.0,5991.714285714285,77.08807578718152
2024-10-22,180.0,280.0,146.0,109.0,6043,10,2024,5998.142857142857,44.85714285714312,5966.0,5889.0,1 days,Tuesday,6396.0,5976.142857142857,67.92502869935514
2024-10-23,134.0,294.0,186.0,138.0,6077,10,2024,6018.428571428572,58.57142857142844,6043.0,5935.0,1 days,Wednesday,6410.0,5998.142857142857,59.40097802625001
2024-10-27,202.0,313.0,158.0,192.0,5974,10,2024,6012.857142857143,-38.85714285714312,6077.0,6013.0,4 days,Sunday,6360.0,6018.428571428572,58.48320882342806
2024-10-28,110.0,272.0,193.0,156.0,6008,10,2024,6008.857142857143,-0.857142857143117,5974.0,6036.0,1 days,Monday,6326.0,6012.857142857143,60.89452239029225
2024-10-29,166.0,277.0,229.0,126.0,6106,10,2024,6013.142857142857,92.85714285714312,6008.0,6076.0,1 days,Tuesday,6234.0,6008.857142857143,60.034513882780644
2024-10-30,136.0,276.0,178.0,160.0,6149,10,2024,6046.142857142857,102.85714285714312,6106.0,5918.0,1 days,Wednesday,6229.0,6013.142857142857,66.36371642050946
2024-10-31,87.0,246.0,173.0,177.0,6148,10,2024,6072.142857142857,75.85714285714312,6149.0,5966.0,1 days,Thursday,6227.0,6046.142857142857,68.56488063974128
2024-11-03,84.0,171.0,157.0,184.0,5990,11,2024,6064.571428571428,-74.57142857142844,6148.0,6043.0,3 days,Sunday,6245.0,6072.142857142857,67.61022745962404
2024-11-04,167.0,209.0,157.0,132.0,6007,11,2024,6054.571428571428,-47.57142857142844,5990.0,6077.0,1 days,Monday,6270.0,6064.571428571428,74.07621557750451
2024-11-05,109.0,245.0,159.0,126.0,6045,11,2024,6064.714285714285,-19.714285714285325,6007.0,5974.0,1 days,Tuesday,5989.0,6054.571428571428,76.79378695106057
2024-11-06,156.0,256.0,176.0,137.0,6086,11,2024,6075.857142857143,10.142857142856883,6045.0,6008.0,1 days,Wednesday,6002.0,6064.714285714285,68.63360276548681
2024-11-07,125.0,232.0,192.0,177.0,6084,11,2024,6072.714285714285,11.285714285714675,6086.0,6106.0,1 days,Thursday,6023.0,6075.857142857143,64.0713887561531
2024-11-11,118.0,139.0,168.0,145.0,5963,11,2024,6046.142857142857,-83.14285714285688,6084.0,6149.0,4 days,Monday,6050.0,6072.714285714285,62.87478107506482
2024-11-12,142.0,235.0,139.0,138.0,5975,11,2024,6021.428571428572,-46.42857142857156,5963.0,6148.0,1 days,Tuesday,6090.0,6046.142857142857,64.54308269527122
2024-11-13,148.0,245.0,175.0,151.0,5966,11,2024,6018.0,-52.0,5975.0,5990.0,1 days,Wednesday,5925.0,6021.428571428572,50.671678950060716
2024-11-14,119.0,219.0,210.0,172.0,6025,11,2024,6020.571428571428,4.4285714285715585,5966.0,6007.0,1 days,Thursday,5967.0,6018.0,53.86402633792145
2024-11-17,105.0,210.0,149.0,195.0,5816,11,2024,5987.857142857143,-171.85714285714312,6025.0,6045.0,3 days,Sunday,6040.0,6020.571428571428,53.680713926120816
2024-11-18,143.0,203.0,163.0,138.0,5819,11,2024,5949.714285714285,-130.71428571428532,5816.0,6086.0,1 days,Monday,6091.0,5987.857142857143,92.24140171568862
2024-11-19,119.0,209.0,152.0,146.0,5844,11,2024,5915.428571428572,-71.42857142857156,5819.0,6084.0,1 days,Tuesday,6118.0,5949.714285714285,99.78930184094627
2024-11-20,155.0,212.0,181.0,148.0,5879,11,2024,5903.428571428572,-24.42857142857156,5844.0,5963.0,1 days,Wednesday,5968.0,5915.428571428572,86.27641072516683
2024-11-21,109.0,214.0,173.0,210.0,5850,11,2024,5885.571428571428,-35.57142857142844,5879.0,5975.0,1 days,Thursday,6013.0,5903.428571428572,84.37783504936388
2024-11-24,191.0,283.0,192.0,207.0,5664,11,2024,5842.428571428572,-178.42857142857156,5850.0,5966.0,3 days,Sunday,6047.0,5885.571428571428,79.80989316881477
2024-11-25,170.0,297.0,196.0,129.0,5715,11,2024,5798.142857142857,-83.14285714285688,5664.0,6025.0,1 days,Monday,6075.0,5842.428571428572,106.31220867936172
2024-11-26,152.0,272.0,214.0,112.0,5826,11,2024,5799.571428571428,26.42857142857156,5715.0,5816.0,1 days,Tuesday,5889.0,5798.142857142857,78.51842367967619
2024-11-27,239.0,367.0,224.0,211.0,5862,11,2024,5805.714285714285,56.285714285714675,5826.0,5819.0,1 days,Wednesday,5935.0,5799.571428571428,78.98703932260446
2024-11-28,113.0,280.0,237.0,143.0,5963,11,2024,5822.714285714285,140.28571428571468,5862.0,5844.0,1 days,Thursday,6013.0,5805.714285714285,82.35029707639025
2024-12-01,196.0,306.0,187.0,149.0,5986,12,2024,5838.0,148.0,5963.0,5879.0,3 days,Sunday,6036.0,5822.714285714285,101.60333702805455
2024-12-02,236.0,330.0,222.0,115.0,6061,12,2024,5868.142857142857,192.85714285714312,5986.0,5850.0,1 days,Monday,6076.0,5838.0,118.17924239616579
2024-12-03,81.0,230.0,242.0,107.0,6192,12,2024,5943.571428571428,248.42857142857156,6061.0,5664.0,1 days,Tuesday,5918.0,5868.142857142857,145.50077728477822
2024-12-04,118.0,245.0,160.0,115.0,6269,12,2024,6022.714285714285,246.28571428571468,6192.0,5715.0,1 days,Wednesday,5966.0,5943.571428571428,158.3275688173658
2024-12-05,218.0,283.0,208.0,150.0,6310,12,2024,6091.857142857143,218.14285714285688,6269.0,5826.0,1 days,Thursday,6043.0,6022.714285714285,163.4112544937985
2024-12-08,132.0,243.0,183.0,172.0,6286,12,2024,6152.428571428572,133.57142857142844,6310.0,5862.0,3 days,Sunday,6077.0,6091.857142857143,168.61734644990904
2024-12-09,224.0,315.0,152.0,174.0,6268,12,2024,6196.0,72.0,6286.0,5963.0,1 days,Monday,5974.0,6152.428571428572,147.0633164579746
2024-12-10,167.0,326.0,213.0,149.0,6310,12,2024,6242.285714285715,67.71428571428532,6268.0,5986.0,1 days,Tuesday,6008.0,6196.0,125.13326229797111
2024-12-11,209.0,353.0,232.0,152.0,6402,12,2024,6291.0,111.0,6310.0,6061.0,1 days,Wednesday,6106.0,6242.285714285715,89.30232226490219
2024-12-12,153.0,253.0,286.0,194.0,6481,12,2024,6332.285714285715,148.71428571428532,6402.0,6192.0,1 days,Thursday,6149.0,6291.0,63.08988297130685
2024-12-15,180.0,337.0,219.0,224.0,6408,12,2024,6352.142857142857,55.85714285714312,6481.0,6269.0,3 days,Sunday,6148.0,6332.285714285715,79.8430007070424
2024-12-16,133.0,287.0,189.0,149.0,6454,12,2024,6372.714285714285,81.28571428571468,6408.0,6310.0,1 days,Monday,5990.0,6352.142857142857,78.75791721350679
2024-12-17,187.0,310.0,247.0,151.0,6506,12,2024,6404.142857142857,101.85714285714312,6454.0,6286.0,1 days,Tuesday,6007.0,6372.714285714285,84.51176305839455
2024-12-18,168.0,285.0,210.0,134.0,6598,12,2024,6451.285714285715,146.71428571428532,6506.0,6268.0,1 days,Wednesday,6045.0,6404.142857142857,87.73526195593429
2024-12-19,269.0,412.0,204.0,238.0,6600,12,2024,6492.714285714285,107.28571428571468,6598.0,6310.0,1 days,Thursday,6086.0,6451.285714285715,90.98848697447997
2024-12-22,100.0,255.0,236.0,268.0,6595,12,2024,6520.285714285715,74.71428571428532,6600.0,6402.0,3 days,Sunday,6084.0,6492.714285714285,81.45901686475165
2024-12-23,205.0,294.0,177.0,231.0,6548,12,2024,6529.857142857143,18.142857142856883,6595.0,6481.0,1 days,Monday,5963.0,6520.285714285715,78.2362113212629
2024-12-24,161.0,304.0,211.0,155.0,6622,12,2024,6560.428571428572,61.57142857142844,6548.0,6408.0,1 days,Tuesday,5975.0,6529.857142857143,76.71251217246174
2024-12-25,57.0,162.0,193.0,107.0,6689,12,2024,6594.0,95.0,6622.0,6454.0,1 days,Wednesday,5966.0,6560.428571428572,61.1115295801018
2024-12-26,80.0,122.0,152.0,135.0,6707,12,2024,6622.714285714285,84.28571428571468,6689.0,6506.0,1 days,Thursday,6025.0,6594.0,57.332364332902436
2024-12-29,107.0,170.0,133.0,216.0,6465,12,2024,6603.714285714285,-138.71428571428532,6707.0,6598.0,3 days,Sunday,5816.0,6622.714285714285,56.2367444698938
2024-12-30,99.0,156.0,139.0,177.0,6454,12,2024,6582.857142857143,-128.85714285714312,6465.0,6600.0,1 days,Monday,5819.0,6603.714285714285,82.37255668752053
2025-01-01,25.0,66.0,94.0,144.0,6405,1,2025,6555.714285714285,-150.71428571428532,6454.0,6595.0,2 days,Wednesday,5844.0,6582.857142857143,100.05569877395051
2025-01-02,35.0,70.0,53.0,170.0,6292,1,2025,6519.142857142857,-227.14285714285688,6405.0,6548.0,1 days,Thursday,5879.0,6555.714285714285,119.99682535483466
2025-01-05,43.0,73.0,64.0,185.0,5882,1,2025,6413.428571428572,-531.4285714285716,6292.0,6622.0,3 days,Sunday,5850.0,6519.142857142857,156.2683893940486
2025-01-06,41.0,60.0,71.0,190.0,5769,1,2025,6282.0,-513.0,5882.0,6689.0,1 days,Monday,5664.0,6413.428571428572,277.9873241371852
2025-01-07,65.0,83.0,65.0,133.0,5703,1,2025,6138.571428571428,-435.57142857142844,5769.0,6707.0,1 days,Tuesday,5715.0,6282.0,337.1686027296525
2025-01-08,38.0,80.0,82.0,184.0,5605,1,2025,6015.714285714285,-410.7142857142853,5703.0,6465.0,1 days,Wednesday,5826.0,6138.571428571428,339.7817226509071
2025-01-09,56.0,82.0,68.0,164.0,5507,1,2025,5880.428571428572,-373.42857142857156,5605.0,6454.0,1 days,Thursday,5862.0,6015.714285714285,357.11702763739754
2025-01-12,74.0,103.0,80.0,235.0,5092,1,2025,5692.857142857143,-600.8571428571431,5507.0,6405.0,3 days,Sunday,5963.0,5880.428571428572,342.4849666495598
2025-01-13,68.0,107.0,102.0,181.0,5019,1,2025,5511.0,-492.0,5092.0,6292.0,1 days,Monday,5986.0,5692.857142857143,366.0461849600492
2025-01-14,92.0,124.0,93.0,139.0,4957,1,2025,5378.857142857143,-421.8571428571431,5019.0,5882.0,1 days,Tuesday,6061.0,5511.0,333.5530942243873
2025-01-15,113.0,162.0,107.0,164.0,4903,1,2025,5255.142857142857,-352.1428571428569,4957.0,5769.0,1 days,Wednesday,6192.0,5378.857142857143,345.1059878604521
2025-01-16,106.0,196.0,131.0,159.0,4881,1,2025,5137.714285714285,-256.7142857142853,4903.0,5703.0,1 days,Thursday,6269.0,5255.142857142857,337.0659819537876
2025-01-19,86.0,152.0,168.0,176.0,4628,1,2025,4998.142857142857,-370.1428571428569,4881.0,5605.0,3 days,Sunday,6310.0,5137.714285714285,295.6804098378836
2025-01-20,84.0,118.0,136.0,127.0,4638,1,2025,4874.0,-236.0,4628.0,5507.0,1 days,Monday,6286.0,4998.142857142857,267.5982240669817
2025-01-21,59.0,64.0,117.0,54.0,4728,1,2025,4822.0,-94.0,4638.0,5092.0,1 days,Tuesday,6268.0,4874.0,179.13681921925547
2025-01-22,62.0,97.0,52.0,83.0,4717,1,2025,4778.857142857143,-61.85714285714312,4728.0,5019.0,1 days,Wednesday,6310.0,4822.0,156.73969928937981
2025-01-23,91.0,75.0,97.0,174.0,4621,1,2025,4730.857142857143,-109.85714285714312,4717.0,4957.0,1 days,Thursday,6402.0,4778.857142857143,133.285943959348
2025-01-26,29.0,51.0,11.0,182.0,4241,1,2025,4636.285714285715,-395.2857142857147,4621.0,4903.0,3 days,Sunday,6481.0,4730.857142857143,118.07261688102878
2025-01-27,33.0,53.0,34.0,127.0,4161,1,2025,4533.428571428572,-372.42857142857156,4241.0,4881.0,1 days,Monday,6408.0,4636.285714285715,196.3701558160734
2025-01-28,32.0,49.0,39.0,101.0,4096,1,2025,4457.428571428572,-361.42857142857156,4161.0,4628.0,1 days,Tuesday,6454.0,4533.428571428572,232.13563358722556
2025-01-29,32.0,50.0,39.0,99.0,4036,1,2025,4371.428571428572,-335.42857142857156,4096.0,4638.0,1 days,Wednesday,6506.0,4457.428571428572,278.47492834055186
2025-01-30,47.0,42.0,47.0,159.0,3923,1,2025,4256.428571428572,-333.42857142857156,4036.0,4728.0,1 days,Thursday,6598.0,4371.428571428572,305.0993593038312
2025-02-02,20.0,22.0,41.0,168.0,3483,2,2025,4080.1428571428573,-597.1428571428573,3923.0,4717.0,3 days,Sunday,6600.0,4256.428571428572,299.9676966735046
2025-02-03,23.0,45.0,11.0,102.0,3403,2,2025,3906.1428571428573,-503.14285714285734,3483.0,4621.0,1 days,Monday,6595.0,4080.1428571428573,343.611422283656
2025-02-04,34.0,54.0,29.0,74.0,3359,2,2025,3780.1428571428573,-421.14285714285734,3403.0,4241.0,1 days,Tuesday,6548.0,3906.1428571428573,332.2842300257352
2025-02-05,26.0,36.0,36.0,104.0,3290,2,2025,3655.714285714286,-365.7142857142858,3359.0,4161.0,1 days,Wednesday,6622.0,3780.1428571428573,350.8515491255452
2025-02-06,25.0,32.0,27.0,145.0,3181,2,2025,3525.0,-344.0,3290.0,4096.0,1 days,Thursday,6689.0,3655.714285714286,347.7047187320815
2025-02-09,15.0,13.0,23.0,99.0,2878,2,2025,3359.5714285714284,-481.57142857142844,3181.0,4036.0,3 days,Sunday,6707.0,3525.0,325.90642828883216
2025-02-10,16.0,18.0,15.0,63.0,2834,2,2025,3204.0,-370.0,2878.0,3923.0,1 days,Monday,6465.0,3359.5714285714284,317.07299745369113
2025-02-11,11.0,22.0,12.0,50.0,2799,2,2025,3106.285714285714,-307.2857142857142,2834.0,3483.0,1 days,Tuesday,6454.0,3204.0,255.7889755247122
2025-02-12,16.0,20.0,20.0,66.0,2752,2,2025,3013.285714285714,-261.2857142857142,2799.0,3403.0,1 days,Wednesday,6405.0,3106.285714285714,262.0163571774723
2025-02-13,15.0,10.0,23.0,72.0,2703,2,2025,2919.5714285714284,-216.57142857142844,2752.0,3359.0,1 days,Thursday,6292.0,3013.285714285714,254.57527654615683
2025-02-17,8.0,17.0,14.0,15.0,2532,2,2025,2811.285714285714,-279.2857142857142,2703.0,3290.0,4 days,Monday,5882.0,2919.5714285714284,225.14207154801755
2025-02-18,18.0,19.0,11.0,9.0,2536,2,2025,2719.1428571428573,-183.14285714285734,2532.0,3181.0,1 days,Tuesday,5769.0,2811.285714285714,197.92567147429625
2025-02-19,12.0,17.0,17.0,19.0,2528,2,2025,2669.1428571428573,-141.14285714285734,2536.0,2878.0,1 days,Wednesday,5703.0,2719.1428571428573,138.26837258433997
2025-02-20,13.0,25.0,15.0,32.0,2520,2,2025,2624.285714285714,-104.28571428571422,2528.0,2834.0,1 days,Thursday,5605.0,2669.1428571428573,134.479773660533
2025-02-23,7.0,16.0,8.0,35.0,2423,2,2025,2570.5714285714284,-147.57142857142844,2520.0,2799.0,3 days,Sunday,5507.0,2624.285714285714,122.12659318053183
2025-02-24,20.0,22.0,14.0,24.0,2413,2,2025,2522.1428571428573,-109.14285714285734,2423.0,2752.0,1 days,Monday,5092.0,2570.5714285714284,114.9519568381956
2025-02-25,11.0,7.0,7.0,23.0,2413,2,2025,2480.714285714286,-67.71428571428578,2413.0,2703.0,1 days,Tuesday,5019.0,2522.1428571428573,95.55003675450467
2025-02-26,12.0,21.0,1.0,23.0,2411,2,2025,2463.4285714285716,-52.42857142857156,2413.0,2532.0,1 days,Wednesday,4957.0,2480.714285714286,60.50816552512122
2025-02-27,10.0,15.0,17.0,37.0,2391,2,2025,2442.714285714286,-51.71428571428578,2411.0,2536.0,1 days,Thursday,4903.0,2463.4285714285716,60.69831722760492
2025-03-02,12.0,24.0,4.0,31.0,2297,3,2025,2409.714285714286,-112.71428571428578,2391.0,2528.0,3 days,Sunday,4881.0,2442.714285714286,56.39359977174001
2025-03-03,8.0,29.0,18.0,25.0,2287,3,2025,2376.4285714285716,-89.42857142857156,2297.0,2520.0,1 days,Monday,4628.0,2409.714285714286,65.08638947748564
2025-03-04,4.0,25.0,10.0,30.0,2272,3,2025,2354.8571428571427,-82.85714285714266,2287.0,2423.0,1 days,Tuesday,4638.0,2376.4285714285716,58.53448312116831
2025-03-05,5.0,20.0,4.0,40.0,2238,3,2025,2329.8571428571427,-91.85714285714266,2272.0,2413.0,1 days,Wednesday,4728.0,2354.8571428571427,65.87470068586777
2025-03-06,7.0,27.0,6.0,33.0,2218,3,2025,2302.0,-84.0,2238.0,2413.0,1 days,Thursday,4717.0,2329.8571428571427,72.95758715709992
2025-03-09,12.0,25.0,15.0,30.0,2137,3,2025,2262.8571428571427,-125.85714285714266,2218.0,2411.0,3 days,Sunday,4621.0,2302.0,73.14825128902791
2025-03-10,6.0,28.0,8.0,23.0,2125,3,2025,2224.8571428571427,-99.85714285714266,2137.0,2391.0,1 days,Monday,4241.0,2262.8571428571427,78.23347231493688
2025-03-11,3.0,11.0,7.0,20.0,2116,3,2025,2199.0,-83.0,2125.0,2297.0,1 days,Tuesday,4161.0,2224.8571428571427,69.76013324565606
2025-03-12,6.0,18.0,2.0,8.0,2113,3,2025,2174.1428571428573,-61.14285714285734,2116.0,2287.0,1 days,Wednesday,4096.0,2199.0,72.06941098673762
2025-03-13,4.0,20.0,9.0,6.0,2116,3,2025,2151.8571428571427,-35.85714285714266,2113.0,2272.0,1 days,Thursday,4036.0,2174.1428571428573,66.44654134804881
2025-03-16,1.0,9.0,8.0,5.0,2117,3,2025,2134.5714285714284,-17.57142857142844,2116.0,2238.0,3 days,Sunday,3923.0,2151.8571428571427,52.94471510092186
2025-03-17,5.0,14.0,0.0,8.0,2111,3,2025,2119.285714285714,-8.28571428571422,2117.0,2218.0,1 days,Monday,3483.0,2134.5714285714284,37.68667820676826
2025-03-18,19.0,34.0,6.0,8.0,2109,3,2025,2115.285714285714,-6.285714285714221,2111.0,2137.0,1 days,Tuesday,3403.0,2119.285714285714,8.957571948511832
2025-03-19,6.0,22.0,14.0,9.0,2119,3,2025,2114.4285714285716,4.5714285714284415,2109.0,2125.0,1 days,Wednesday,3359.0,2115.285714285714,5.186980034606052
2025-03-20,9.0,20.0,11.0,7.0,2124,3,2025,2115.5714285714284,8.428571428571558,2119.0,2116.0,1 days,Thursday,3290.0,2114.4285714285716,3.552329882440656
2025-03-23,15.0,29.0,9.0,2.0,2136,3,2025,2118.8571428571427,17.142857142857338,2124.0,2113.0,3 days,Sunday,3181.0,2115.5714285714284,5.09434793933647
2025-03-24,7.0,13.0,11.0,7.0,2139,3,2025,2122.1428571428573,16.857142857142662,2136.0,2116.0,1 days,Monday,2878.0,2118.8571428571427,9.044861733834644
2025-03-25,12.0,19.0,7.0,6.0,2145,3,2025,2126.1428571428573,18.857142857142662,2139.0,2117.0,1 days,Tuesday,2834.0,2122.1428571428573,11.639423974186858
2025-03-26,9.0,21.0,15.0,2.0,2159,3,2025,2133.0,26.0,2145.0,2111.0,1 days,Wednesday,2799.0,2126.1428571428573,14.123604017774793
2025-03-27,1.0,19.0,13.0,2.0,2159,3,2025,2140.1428571428573,18.857142857142662,2159.0,2109.0,1 days,Thursday,2752.0,2133.0,16.92138686125025
2025-03-30,9.0,20.0,5.0,2.0,2188,3,2025,2150.0,38.0,2159.0,2119.0,3 days,Sunday,2703.0,2140.1428571428573,15.60372360851712
2025-03-31,9.0,25.0,8.0,5.0,2193,3,2025,2159.8571428571427,33.14285714285734,2188.0,2124.0,1 days,Monday,2532.0,2150.0,20.91251618787641
2025-04-01,17.0,36.0,7.0,12.0,2191,4,2025,2167.714285714286,23.28571428571422,2193.0,2136.0,1 days,Tuesday,2536.0,2159.8571428571427,22.79202032403227
2025-04-02,5.0,31.0,16.0,3.0,2208,4,2025,2177.5714285714284,30.42857142857156,2191.0,2139.0,1 days,Wednesday,2528.0,2167.714285714286,22.676818454382854
2025-04-03,12.0,26.0,18.0,8.0,2223,4,2025,2188.714285714286,34.28571428571422,2208.0,2145.0,1 days,Thursday,2520.0,2177.5714285714284,23.107409654207476
2025-04-06,7.0,14.0,7.0,11.0,2234,4,2025,2199.4285714285716,34.57142857142844,2223.0,2159.0,3 days,Sunday,2423.0,2188.714285714286,23.584700447813972
2025-04-07,12.0,22.0,9.0,5.0,2237,4,2025,2210.5714285714284,26.42857142857156,2234.0,2159.0,1 days,Monday,2413.0,2199.4285714285716,24.838526142415233
2025-04-08,12.0,34.0,12.0,9.0,2243,4,2025,2218.4285714285716,24.57142857142844,2237.0,2188.0,1 days,Tuesday,2413.0,2210.5714285714284,20.85551200348454
2025-04-09,6.0,19.0,10.0,5.0,2251,4,2025,2226.714285714286,24.28571428571422,2243.0,2193.0,1 days,Wednesday,2411.0,2218.4285714285716,21.290507609280873
2025-04-10,18.0,25.0,17.0,6.0,2265,4,2025,2237.285714285714,27.71428571428578,2251.0,2191.0,1 days,Thursday,2391.0,2226.714285714286,21.02945779646381
2025-04-11,8.0,22.0,8.0,9.0,2267,4,2025,2245.714285714286,21.28571428571422,2265.0,2208.0,1 days,Friday,2297.0,2237.285714285714,18.535679878186787
2025-04-13,5.0,26.0,10.0,3.0,2283,4,2025,2254.285714285714,28.71428571428578,2267.0,2223.0,2 days,Sunday,2287.0,2245.714285714286,16.2758951176265
2025-04-14,5.0,26.0,9.0,13.0,2282,4,2025,2261.1428571428573,20.857142857142662,2283.0,2234.0,1 days,Monday,2272.0,2254.285714285714,18.025114753587594
2025-04-15,4.0,19.0,12.0,7.0,2286,4,2025,2268.1428571428573,17.857142857142662,2282.0,2237.0,1 days,Tuesday,2238.0,2261.1428571428573,18.151479015535998
2025-04-16,11.0,30.0,5.0,8.0,2291,4,2025,2275.0,16.0,2286.0,2243.0,1 days,Wednesday,2218.0,2268.1428571428573,16.677615450600857
2025-04-17,7.0,26.0,10.0,14.0,2288,4,2025,2280.285714285714,7.714285714285779,2291.0,2251.0,1 days,Thursday,2137.0,2275.0,14.317821062412861
2025-04-20,4.0,15.0,6.0,4.0,2305,4,2025,2286.0,19.0,2288.0,2265.0,3 days,Sunday,2125.0,2280.285714285714,10.226017237747413
2025-04-21,10.0,25.0,5.0,6.0,2308,4,2025,2291.8571428571427,16.142857142857338,2305.0,2267.0,1 days,Monday,2116.0,2286.0,11.372481405068092
2025-04-22,7.0,19.0,14.0,17.0,2305,4,2025,2295.0,10.0,2308.0,2283.0,1 days,Tuesday,2113.0,2291.8571428571427,10.47900395003348
2025-04-23,3.0,23.0,4.0,11.0,2300,4,2025,2297.5714285714284,2.4285714285715585,2305.0,2282.0,1 days,Wednesday,2116.0,2295.0,10.677078250874528
2025-04-24,3.0,9.0,7.0,13.0,2294,4,2025,2298.714285714286,-4.714285714285779,2300.0,2286.0,1 days,Thursday,2117.0,2297.5714285714284,9.071147350860041
2025-04-27,9.0,40.0,12.0,4.0,2301,4,2025,2300.1428571428573,0.8571428571426623,2294.0,2291.0,3 days,Sunday,2111.0,2298.714285714286,7.782764839485451
2025-04-28,6.0,26.0,12.0,8.0,2307,4,2025,2302.8571428571427,4.142857142857338,2301.0,2288.0,1 days,Monday,2109.0,2300.1428571428573,7.010196653315958
2025-04-29,11.0,25.0,11.0,15.0,2304,4,2025,2302.714285714286,1.2857142857142208,2307.0,2305.0,1 days,Tuesday,2119.0,2302.8571428571427,4.879500362212589
2025-04-30,7.0,34.0,9.0,12.0,2309,4,2025,2302.8571428571427,6.142857142857338,2304.0,2308.0,1 days,Wednesday,2124.0,2302.714285714286,4.820590753569943
2025-05-01,13.0,32.0,14.0,16.0,2306,5,2025,2303.0,3.0,2309.0,2305.0,1 days,Thursday,2136.0,2302.8571428571427,5.0142653617620345
2025-05-04,9.0,31.0,10.0,5.0,2335,5,2025,2308.0,27.0,2306.0,2300.0,3 days,Sunday,2139.0,2303.0,5.099019511171725
2025-05-05,15.0,44.0,20.0,17.0,2331,5,2025,2313.285714285714,17.71428571428578,2335.0,2294.0,1 days,Monday,2145.0,2308.0,12.884098725767627
2025-05-06,10.0,33.0,16.0,16.0,2339,5,2025,2318.714285714286,20.28571428571422,2331.0,2301.0,1 days,Tuesday,2159.0,2313.285714285714,13.744262871471367
2025-05-07,10.0,30.0,15.0,10.0,2335,5,2025,2322.714285714286,12.28571428571422,2339.0,2307.0,1 days,Wednesday,2159.0,2318.714285714286,15.478095120097647
2025-05-08,15.0,24.0,16.0,11.0,2361,5,2025,2330.8571428571427,30.142857142857338,2335.0,2304.0,1 days,Thursday,2188.0,2322.714285714286,15.563999974732376
2025-05-11,15.0,20.0,12.0,3.0,2385,5,2025,2341.714285714286,43.28571428571422,2361.0,2309.0,3 days,Sunday,2193.0,2330.8571428571427,18.729909871244054
2025-05-12,7.0,33.0,14.0,7.0,2392,5,2025,2354.0,38.0,2385.0,2306.0,1 days,Monday,2191.0,2341.714285714286,24.944700744116737
2025-05-13,18.0,29.0,12.0,11.0,2394,5,2025,2362.4285714285716,31.57142857142844,2392.0,2335.0,1 days,Tuesday,2208.0,2354.0,25.592967783660665
2025-05-14,7.0,30.0,14.0,11.0,2394,5,2025,2371.4285714285716,22.57142857142844,2394.0,2331.0,1 days,Wednesday,2223.0,2362.4285714285716,27.903746121167565
2025-05-15,15.0,31.0,14.0,14.0,2410,5,2025,2381.5714285714284,28.42857142857156,2394.0,2339.0,1 days,Thursday,2234.0,2371.4285714285716,26.18432828228766
2025-05-18,13.0,28.0,14.0,9.0,2437,5,2025,2396.1428571428573,40.85714285714266,2410.0,2335.0,3 days,Sunday,2237.0,2381.5714285714284,25.26431701553238
2025-05-19,7.0,27.0,17.0,6.0,2457,5,2025,2409.8571428571427,47.14285714285734,2437.0,2361.0,1 days,Monday,2243.0,2396.1428571428573,23.262477450145404
2025-05-21,14.0,62.0,13.0,18.0,2467,5,2025,2421.5714285714284,45.42857142857156,2457.0,2385.0,2 days,Wednesday,2251.0,2409.8571428571427,27.07661088686274
2025-05-22,18.0,36.0,17.0,15.0,2473,5,2025,2433.1428571428573,39.85714285714266,2467.0,2392.0,1 days,Thursday,2265.0,2421.5714285714284,31.84785258477364
2025-05-27,6.0,24.0,7.0,11.0,2504,5,2025,2448.8571428571427,55.14285714285734,2473.0,2394.0,5 days,Tuesday,2267.0,2433.1428571428573,33.95795719884602
2025-05-28,12.0,39.0,12.0,14.0,2499,5,2025,2463.8571428571427,35.14285714285734,2504.0,2394.0,1 days,Wednesday,2283.0,2448.8571428571427,38.03256749750207
2025-05-29,13.0,38.0,15.0,11.0,2506,5,2025,2477.5714285714284,28.42857142857156,2499.0,2410.0,1 days,Thursday,2282.0,2463.8571428571427,33.18849485065729
2025-06-01,8.0,24.0,16.0,12.0,2528,6,2025,2490.5714285714284,37.42857142857156,2506.0,2437.0,3 days,Sunday,2286.0,2477.5714285714284,26.35562648838025
2025-06-02,10.0,19.0,5.0,16.0,2518,6,2025,2499.285714285714,18.71428571428578,2528.0,2457.0,1 days,Monday,2291.0,2490.5714285714284,25.43525861728927
2025-06-03,5.0,23.0,11.0,15.0,2519,6,2025,2506.714285714286,12.28571428571422,2518.0,2467.0,1 days,Tuesday,2288.0,2499.285714285714,22.26891918977653
2025-06-04,4.0,16.0,9.0,16.0,2516,6,2025,2512.8571428571427,3.1428571428573377,2519.0,2473.0,1 days,Wednesday,2305.0,2506.714285714286,17.960273621175357
2025-06-05,8.0,26.0,5.0,21.0,2503,6,2025,2512.714285714286,-9.71428571428578,2516.0,2504.0,1 days,Thursday,2308.0,2512.8571428571427,10.172324731951344
2025-06-08,10.0,16.0,15.0,13.0,2507,6,2025,2513.8571428571427,-6.857142857142662,2503.0,2499.0,3 days,Sunday,2305.0,2512.714285714286,10.323343864635483
2025-06-09,8.0,21.0,14.0,9.0,2516,6,2025,2515.285714285714,0.7142857142857792,2507.0,2506.0,1 days,Monday,2300.0,2513.8571428571427,8.896227128335875
2025-06-10,17.0,28.0,7.0,12.0,2511,6,2025,2512.8571428571427,-1.8571428571426623,2516.0,2528.0,1 days,Tuesday,2294.0,2515.285714285714,8.199883853700692
2025-06-17,7.0,24.0,10.0,14.0,2523,6,2025,2513.5714285714284,9.428571428571558,2511.0,2518.0,7 days,Tuesday,2301.0,2512.8571428571427,6.039552173155635
2025-06-19,8.0,19.0,7.0,18.0,2501,6,2025,2511.0,-10.0,2523.0,2519.0,2 days,Thursday,2307.0,2513.5714285714284,6.972736019320384
2025-06-22,7.0,13.0,5.0,7.0,2508,6,2025,2509.8571428571427,-1.8571428571426623,2501.0,2516.0,3 days,Sunday,2304.0,2511.0,7.895146186702814
2025-06-23,3.0,15.0,5.0,17.0,2495,6,2025,2508.714285714286,-13.71428571428578,2508.0,2503.0,1 days,Monday,2309.0,2509.8571428571427,7.625146367049573
2025-06-24,5.0,20.0,5.0,16.0,2489,6,2025,2506.1428571428573,-17.142857142857338,2495.0,2507.0,1 days,Tuesday,2306.0,2508.714285714286,9.250482611599093
2025-06-25,6.0,12.0,2.0,24.0,2470,6,2025,2499.5714285714284,-29.57142857142844,2489.0,2516.0,1 days,Wednesday,2335.0,2506.1428571428573,11.922367932542544
2025-06-26,3.0,9.0,7.0,35.0,2447,6,2025,2490.4285714285716,-43.42857142857156,2470.0,2511.0,1 days,Thursday,2331.0,2499.5714285714284,17.125586537744006
2025-06-29,5.0,17.0,7.0,20.0,2413,6,2025,2474.714285714286,-61.71428571428578,2447.0,2523.0,3 days,Sunday,2339.0,2490.4285714285716,25.19164638516255
2025-06-30,9.0,22.0,8.0,16.0,2407,6,2025,2461.285714285714,-54.28571428571422,2413.0,2501.0,1 days,Monday,2335.0,2474.714285714286,34.18924921493244
2025-07-01,7.0,14.0,6.0,22.0,2391,7,2025,2444.5714285714284,-53.57142857142844,2407.0,2508.0,1 days,Tuesday,2361.0,2461.285714285714,40.094531155101365
2025-07-02,8.0,20.0,9.0,38.0,2373,7,2025,2427.1428571428573,-54.14285714285734,2391.0,2495.0,1 days,Wednesday,2385.0,2444.5714285714284,41.7287157034775
2025-07-06,4.0,17.0,2.0,8.0,2332,7,2025,2404.714285714286,-72.71428571428578,2373.0,2489.0,4 days,Sunday,2392.0,2427.1428571428573,42.624048655488316
2025-07-07,3.0,18.0,8.0,20.0,2317,7,2025,2382.8571428571427,-65.85714285714266,2332.0,2470.0,1 days,Monday,2394.0,2404.714285714286,45.83562764794037
2025-07-08,5.0,16.0,8.0,20.0,2306,7,2025,2362.714285714286,-56.71428571428578,2317.0,2447.0,1 days,Tuesday,2394.0,2382.8571428571427,45.99430606555569
2025-07-09,2.0,18.0,0.0,32.0,2281,7,2025,2343.8571428571427,-62.85714285714266,2306.0,2413.0,1 days,Wednesday,2410.0,2362.714285714286,44.05570067403906
2025-07-10,2.0,12.0,3.0,39.0,2252,7,2025,2321.714285714286,-69.71428571428578,2281.0,2407.0,1 days,Thursday,2437.0,2343.8571428571427,47.090085904061496
2025-07-13,1.0,13.0,4.0,10.0,2204,7,2025,2295.0,-91.0,2252.0,2391.0,3 days,Sunday,2457.0,2321.714285714286,48.85937059780572
2025-07-14,2.0,9.0,1.0,26.0,2181,7,2025,2267.5714285714284,-86.57142857142844,2204.0,2373.0,1 days,Monday,2467.0,2295.0,55.353410012171295
2025-07-15,0.0,8.0,5.0,17.0,2171,7,2025,2244.5714285714284,-73.57142857142844,2181.0,2332.0,1 days,Tuesday,2473.0,2267.5714285714284,57.777899877558404
2025-07-16,1.0,9.0,0.0,11.0,2164,7,2025,2222.714285714286,-58.71428571428578,2171.0,2317.0,1 days,Wednesday,2504.0,2244.5714285714284,59.863336422174285
2025-07-17,3.0,16.0,2.0,17.0,2153,7,2025,2200.8571428571427,-47.85714285714266,2164.0,2306.0,1 days,Thursday,2499.0,2222.714285714286,56.86743146898804
2025-07-21,4.0,18.0,7.0,16.0,2121,7,2025,2178.0,-57.0,2153.0,2281.0,4 days,Monday,2506.0,2200.8571428571427,48.27500585656501
2025-07-22,5.0,13.0,3.0,16.0,2117,7,2025,2158.714285714286,-41.71428571428578,2121.0,2252.0,1 days,Tuesday,2528.0,2178.0,41.39243086976682
2025-07-23,6.0,21.0,5.0,14.0,2111,7,2025,2145.4285714285716,-34.42857142857156,2117.0,2204.0,1 days,Wednesday,2518.0,2158.714285714286,31.4150403768605
2025-07-24,6.0,18.0,7.0,29.0,2096,7,2025,2133.285714285714,-37.28571428571422,2111.0,2181.0,1 days,Thursday,2519.0,2145.4285714285716,28.611519491177116
2025-07-27,1.0,12.0,2.0,4.0,2088,7,2025,2121.4285714285716,-33.42857142857156,2096.0,2171.0,3 days,Sunday,2516.0,2133.285714285714,29.032822148039244
2025-07-28,2.0,9.0,3.0,14.0,2080,7,2025,2109.4285714285716,-29.42857142857156,2088.0,2164.0,1 days,Monday,2503.0,2121.4285714285716,27.99319645188668
2025-07-29,2.0,8.0,3.0,12.0,2072,7,2025,2097.8571428571427,-25.857142857142662,2080.0,2153.0,1 days,Tuesday,2507.0,2109.4285714285716,24.48712003470134
2025-07-30,4.0,15.0,4.0,16.0,2063,7,2025,2089.5714285714284,-26.57142857142844,2072.0,2121.0,1 days,Wednesday,2516.0,2097.8571428571427,18.986210534252738
2025-07-31,2.0,9.0,6.0,15.0,2058,7,2025,2081.1428571428573,-23.142857142857338,2063.0,2117.0,1 days,Thursday,2511.0,2089.5714285714284,19.839834868108078
2025-08-03,5.0,26.0,3.0,5.0,2049,8,2025,2072.285714285714,-23.28571428571422,2058.0,2111.0,3 days,Sunday,2523.0,2081.1428571428573,18.74769827074538
2025-08-04,5.0,22.0,11.0,14.0,2040,8,2025,2064.285714285714,-24.28571428571422,2049.0,2096.0,1 days,Monday,2501.0,2072.285714285714,16.839579227109922
2025-08-05,2.0,21.0,10.0,14.0,2042,8,2025,2057.714285714286,-15.71428571428578,2040.0,2088.0,1 days,Tuesday,2508.0,2064.285714285714,16.997198647995226
2025-08-06,4.0,17.0,3.0,13.0,2036,8,2025,2051.4285714285716,-15.428571428571558,2042.0,2080.0,1 days,Wednesday,2495.0,2057.714285714286,15.085470776414287
2025-08-07,4.0,18.0,6.0,17.0,2031,8,2025,2045.5714285714287,-14.571428571428669,2036.0,2072.0,1 days,Thursday,2489.0,2051.4285714285716,13.314868165337238
2025-08-10,0.0,18.0,8.0,12.0,2006,8,2025,2037.4285714285713,-31.42857142857133,2031.0,2063.0,3 days,Sunday,2470.0,2045.5714285714287,11.67414726051918
2025-08-11,6.0,23.0,4.0,16.0,1999,8,2025,2029.0,-30.0,2006.0,2058.0,1 days,Monday,2447.0,2037.4285714285713,16.409927308195343
2025-08-12,8.0,38.0,9.0,9.0,1999,8,2025,2021.857142857143,-22.85714285714289,1999.0,2049.0,1 days,Tuesday,2413.0,2029.0,19.02629758977049
2025-08-13,6.0,22.0,12.0,17.0,1997,8,2025,2015.7142857142858,-18.71428571428578,1999.0,2040.0,1 days,Wednesday,2407.0,2021.857142857143,19.642034614163563
2025-08-14,3.0,27.0,4.0,11.0,1994,8,2025,2008.857142857143,-14.85714285714289,1997.0,2042.0,1 days,Thursday,2391.0,2015.7142857142858,19.746006226050167
2025-08-17,4.0,14.0,2.0,3.0,1991,8,2025,2002.4285714285713,-11.428571428571331,1994.0,2036.0,3 days,Sunday,2373.0,2008.857142857143,17.276463482165898
2025-08-18,4.0,20.0,6.0,14.0,1985,8,2025,1995.857142857143,-10.85714285714289,1991.0,2031.0,1 days,Monday,2332.0,2002.4285714285713,13.439458604923102
2025-08-19,5.0,35.0,3.0,11.0,1980,8,2025,1992.142857142857,-12.14285714285711,1985.0,2006.0,1 days,Tuesday,2317.0,1995.857142857143,6.693991618151977
2025-08-20,10.0,38.0,10.0,10.0,1983,8,2025,1989.857142857143,-6.85714285714289,1980.0,1999.0,1 days,Wednesday,2306.0,1992.142857142857,7.312741650745014
2025-08-21,6.0,49.0,8.0,21.0,1972,8,2025,1986.0,-14.0,1983.0,1999.0,1 days,Thursday,2281.0,1989.857142857143,7.3127416507444405
2025-08-24,4.0,21.0,5.0,5.0,1981,8,2025,1983.7142857142858,-2.7142857142857792,1972.0,1997.0,3 days,Sunday,2252.0,1986.0,8.679477709382112
2025-08-25,8.0,30.0,8.0,11.0,1980,8,2025,1981.7142857142858,-1.7142857142857792,1981.0,1994.0,1 days,Monday,2204.0,1983.7142857142858,7.296444011462984
2025-08-26,10.0,21.0,20.0,15.0,1989,8,2025,1981.4285714285713,7.571428571428669,1980.0,1991.0,1 days,Tuesday,2181.0,1981.7142857142858,5.7652489289193625
2025-08-27,5.0,19.0,9.0,19.0,1988,8,2025,1981.857142857143,6.14285714285711,1989.0,1985.0,1 days,Wednesday,2171.0,1981.4285714285713,5.255382725678216
2025-08-28,8.0,33.0,6.0,17.0,1984,8,2025,1982.4285714285713,1.5714285714286689,1988.0,1980.0,1 days,Thursday,2164.0,1981.857142857143,5.698788507261991
2025-09-01,10.0,29.0,17.0,5.0,2010,9,2025,1986.2857142857142,23.71428571428578,1984.0,1983.0,4 days,Monday,2153.0,1982.4285714285713,5.682051940982867
2025-09-02,6.0,35.0,9.0,9.0,2020,9,2025,1993.142857142857,26.85714285714289,2010.0,1972.0,1 days,Tuesday,2121.0,1986.2857142857142,11.898379240289591
2025-09-03,4.0,29.0,11.0,10.0,2019,9,2025,1998.5714285714287,20.42857142857133,2020.0,1981.0,1 days,Wednesday,2117.0,1993.142857142857,15.56094011032772
2025-09-04,11.0,40.0,2.0,14.0,2015,9,2025,2003.5714285714287,11.428571428571331,2019.0,1980.0,1 days,Thursday,2111.0,1998.5714285714287,17.164470501399485
2025-09-07,4.0,19.0,9.0,7.0,2026,9,2025,2008.857142857143,17.14285714285711,2015.0,1989.0,3 days,Sunday,2096.0,2003.5714285714287,15.904476757402659
2025-09-08,7.0,25.0,5.0,6.0,2025,9,2025,2014.142857142857,10.85714285714289,2026.0,1988.0,1 days,Monday,2088.0,2008.857142857143,16.395411668632136
2025-09-09,18.0,42.0,11.0,14.0,2023,9,2025,2019.7142857142858,3.2857142857142208,2025.0,1984.0,1 days,Tuesday,2080.0,2014.142857142857,14.392458341689405
2025-09-10,10.0,47.0,14.0,18.0,2025,9,2025,2021.857142857143,3.1428571428571104,2023.0,2010.0,1 days,Wednesday,2072.0,2019.7142857142858,5.707138385026979
2025-09-11,12.0,38.0,29.0,6.0,2047,9,2025,2025.7142857142858,21.28571428571422,2025.0,2020.0,1 days,Thursday,2063.0,2021.857142857143,4.017817456938676
2025-09-14,7.0,39.0,13.0,5.0,2083,9,2025,2034.857142857143,48.14285714285711,2047.0,2019.0,3 days,Sunday,2058.0,2025.7142857142858,10.177004890725978
2025-09-15,9.0,47.0,10.0,10.0,2086,9,2025,2045.0,41.0,2083.0,2015.0,1 days,Monday,2049.0,2034.857142857143,23.355431711930326
2025-09-16,7.0,28.0,17.0,12.0,2095,9,2025,2054.8571428571427,40.14285714285734,2086.0,2026.0,1 days,Tuesday,2040.0,2045.0,28.207563996934194
2025-09-17,7.0,38.0,5.0,13.0,2096,9,2025,2065.0,31.0,2095.0,2025.0,1 days,Wednesday,2042.0,2054.8571428571427,32.23056815794624
2025-09-18,20.0,52.0,11.0,14.0,2096,9,2025,2075.4285714285716,20.57142857142844,2096.0,2023.0,1 days,Thursday,2036.0,2065.0,32.439687626545535
2025-09-21,8.0,35.0,13.0,5.0,2134,9,2025,2091.0,43.0,2096.0,2025.0,3 days,Sunday,2031.0,2075.4285714285716,28.13572546769651
2025-09-22,17.0,40.0,14.0,10.0,2141,9,2025,2104.4285714285716,36.57142857142844,2134.0,2047.0,1 days,Monday,2006.0,2091.0,25.62550812454708
2025-09-23,11.0,36.0,10.0,15.0,2145,9,2025,2113.285714285714,31.71428571428578,2141.0,2083.0,1 days,Tuesday,1999.0,2104.4285714285716,23.244046856351975
2025-09-24,3.0,38.0,12.0,17.0,2138,9,2025,2120.714285714286,17.28571428571422,2145.0,2086.0,1 days,Wednesday,1999.0,2113.285714285714,25.427768847187693
2025-09-25,6.0,35.0,12.0,18.0,2132,9,2025,2126.0,6.0,2138.0,2095.0,1 days,Thursday,1997.0,2120.714285714286,23.66230677426344
2025-09-28,11.0,29.0,12.0,9.0,2146,9,2025,2133.1428571428573,12.857142857142662,2132.0,2096.0,3 days,Sunday,1994.0,2126.0,20.936411662649718
2025-09-29,8.0,35.0,12.0,13.0,2148,9,2025,2140.5714285714284,7.4285714285715585,2146.0,2096.0,1 days,Monday,1991.0,2133.1428571428573,17.18942088759263
2025-09-30,8.0,32.0,12.0,7.0,2159,9,2025,2144.1428571428573,14.857142857142662,2148.0,2134.0,1 days,Tuesday,1985.0,2140.5714285714284,6.160550375332378
2025-10-01,4.0,33.0,12.0,14.0,2163,10,2025,2147.285714285714,15.71428571428578,2159.0,2141.0,1 days,Wednesday,1980.0,2144.1428571428573,8.513294923284544
2025-10-02,20.0,51.0,15.0,16.0,2164,10,2025,2150.0,14.0,2163.0,2145.0,1 days,Thursday,1983.0,2147.285714285714,10.88905085606934
2025-10-05,8.0,28.0,13.0,16.0,2180,10,2025,2156.0,24.0,2164.0,2138.0,3 days,Sunday,1972.0,2150.0,12.476644847125593
2025-10-06,5.0,33.0,15.0,10.0,2187,10,2025,2163.8571428571427,23.142857142857338,2180.0,2132.0,1 days,Monday,1981.0,2156.0,15.481171358825259
2025-10-07,11.0,45.0,4.0,10.0,2189,10,2025,2170.0,19.0,2187.0,2146.0,1 days,Tuesday,1980.0,2163.8571428571427,15.22529223969692
2025-10-08,8.0,49.0,15.0,17.0,2192,10,2025,2176.285714285714,15.71428571428578,2189.0,2148.0,1 days,Wednesday,1989.0,2170.0,15.491933384011682
2025-10-09,11.0,55.0,13.0,12.0,2192,10,2025,2181.0,11.0,2192.0,2159.0,1 days,Thursday,1988.0,2176.285714285714,13.92496900820339
2025-10-13,8.0,24.0,7.0,6.0,2223,10,2025,2189.5714285714284,33.42857142857156,2192.0,2163.0,4 days,Monday,1984.0,2181.0,12.62273081817092
2025-10-14,7.0,30.0,16.0,8.0,2235,10,2025,2199.714285714286,35.28571428571422,2223.0,2164.0,1 days,Tuesday,2010.0,2189.5714285714284,17.709292690385055
2025-10-15,8.0,29.0,10.0,15.0,2225,10,2025,2206.1428571428573,18.857142857142662,2235.0,2180.0,1 days,Wednesday,2020.0,2199.714285714286,20.701966779659436
2025-10-16,9.0,33.0,15.0,9.0,2233,10,2025,2212.714285714286,20.28571428571422,2225.0,2187.0,1 days,Thursday,2019.0,2206.1428571428573,20.54611537779254
2025-10-19,9.0,34.0,17.0,7.0,2237,10,2025,2219.5714285714284,17.42857142857156,2233.0,2189.0,3 days,Sunday,2015.0,2212.714285714286,20.75824563587874
2025-10-20,10.0,39.0,6.0,7.0,2243,10,2025,2226.8571428571427,16.142857142857338,2237.0,2192.0,1 days,Monday,2026.0,2219.5714285714284,19.50946046393337
2025-10-21,13.0,39.0,17.0,9.0,2251,10,2025,2235.285714285714,15.71428571428578,2243.0,2192.0,1 days,Tuesday,2025.0,2226.8571428571427,16.83675118456464
2025-10-22,12.0,42.0,13.0,12.0,2261,10,2025,2240.714285714286,20.28571428571422,2251.0,2223.0,1 days,Wednesday,2023.0,2235.285714285714,9.759000728192833
2025-10-23,4.0,27.0,26.0,18.0,2266,10,2025,2245.1428571428573,20.857142857142662,2261.0,2235.0,1 days,Thursday,2025.0,2240.714285714286,12.079104349228567
2025-10-26,4.0,35.0,12.0,10.0,2276,10,2025,2252.4285714285716,23.57142857142844,2266.0,2225.0,3 days,Sunday,2047.0,2245.1428571428573,14.971401307748737
2025-10-27,2.0,31.0,8.0,11.0,2282,10,2025,2259.4285714285716,22.57142857142844,2276.0,2233.0,1 days,Monday,2083.0,2252.4285714285716,15.914952537175157
2025-10-28,6.0,22.0,11.0,6.0,2286,10,2025,2266.4285714285716,19.57142857142844,2282.0,2237.0,1 days,Tuesday,2086.0,2259.4285714285716,16.701867588004202
2025-10-29,6.0,25.0,4.0,17.0,2280,10,2025,2271.714285714286,8.28571428571422,2286.0,2243.0,1 days,Wednesday,2095.0,2266.4285714285716,15.988090805155965
2025-10-30,3.0,17.0,14.0,12.0,2287,10,2025,2276.8571428571427,10.142857142857338,2280.0,2251.0,1 days,Thursday,2096.0,2271.714285714286,12.737271890517754
2025-11-02,5.0,21.0,10.0,7.0,2277,11,2025,2279.1428571428573,-2.1428571428573377,2287.0,2261.0,3 days,Sunday,2096.0,2276.8571428571427,9.940297972616982
2025-11-03,3.0,28.0,5.0,12.0,2269,11,2025,2279.5714285714284,-10.571428571428442,2277.0,2266.0,1 days,Monday,2134.0,2279.1428571428573,7.128079950759484
2025-11-04,6.0,33.0,6.0,8.0,2270,11,2025,2278.714285714286,-8.71428571428578,2269.0,2276.0,1 days,Tuesday,2141.0,2279.5714285714284,6.241184256795969
2025-11-05,8.0,41.0,8.0,7.0,2272,11,2025,2277.285714285714,-5.285714285714221,2270.0,2282.0,1 days,Wednesday,2145.0,2278.714285714286,7.158079016956331
2025-11-06,6.0,33.0,9.0,19.0,2264,11,2025,2274.1428571428573,-10.142857142857338,2272.0,2286.0,1 days,Thursday,2138.0,2277.285714285714,7.3872476976422545
2025-11-09,11.0,33.0,5.0,4.0,2294,11,2025,2276.1428571428573,17.857142857142662,2264.0,2280.0,3 days,Sunday,2132.0,2274.1428571428573,7.7336617319616625
2025-11-11,11.0,39.0,12.0,14.0,2294,11,2025,2277.1428571428573,16.857142857142662,2294.0,2287.0,2 days,Tuesday,2146.0,2276.1428571428573,10.730463974952219
2025-11-12,14.0,48.0,20.0,7.0,2302,11,2025,2280.714285714286,21.28571428571422,2294.0,2277.0,1 days,Wednesday,2148.0,2277.1428571428573,12.143977538314342
2025-11-13,6.0,26.0,16.0,5.0,2317,11,2025,2287.5714285714284,29.42857142857156,2302.0,2269.0,1 days,Thursday,2159.0,2280.714285714286,15.348336344579247
2025-11-16,5.0,22.0,3.0,5.0,2340,11,2025,2297.5714285714284,42.42857142857156,2317.0,2270.0,3 days,Sunday,2163.0,2287.5714285714284,19.423843962013283
2025-11-17,1.0,35.0,6.0,8.0,2343,11,2025,2307.714285714286,35.28571428571422,2340.0,2272.0,1 days,Monday,2164.0,2297.5714285714284,25.83187399823473
2025-11-18,2.0,38.0,8.0,12.0,2345,11,2025,2319.285714285714,25.71428571428578,2343.0,2264.0,1 days,Tuesday,2180.0,2307.714285714286,27.968519717945203
2025-11-19,7.0,32.0,3.0,10.0,2340,11,2025,2325.8571428571427,14.142857142857338,2345.0,2294.0,1 days,Wednesday,2187.0,2319.285714285714,23.221500709754338
2025-11-20,18.0,57.0,8.0,9.0,2340,11,2025,2332.4285714285716,7.5714285714284415,2340.0,2294.0,1 days,Thursday,2189.0,2325.8571428571427,21.302805537876047
2025-11-23,3.0,46.0,22.0,1.0,2375,11,2025,2342.8571428571427,32.14285714285734,2340.0,2302.0,3 days,Sunday,2192.0,2332.4285714285716,16.359066220114602
2025-11-24,9.0,40.0,9.0,13.0,2371,11,2025,2350.5714285714284,20.42857142857156,2375.0,2317.0,1 days,Monday,2192.0,2342.8571428571427,16.98458684958941
2025-11-25,6.0,47.0,14.0,11.0,2375,11,2025,2355.5714285714284,19.42857142857156,2371.0,2340.0,1 days,Tuesday,2223.0,2350.5714285714284,15.479633315880104
2025-11-27,4.0,24.0,8.0,7.0,2389,11,2025,2362.1428571428573,26.857142857142662,2375.0,2343.0,2 days,Thursday,2235.0,2355.5714285714284,17.067094487954712
2025-11-30,4.0,18.0,10.0,0.0,2415,11,2025,2372.1428571428573,42.85714285714266,2389.0,2345.0,3 days,Sunday,2225.0,2362.1428571428573,20.02022786545114
2025-12-01,4.0,26.0,4.0,9.0,2410,12,2025,2382.1428571428573,27.857142857142662,2415.0,2340.0,1 days,Monday,2233.0,2372.1428571428573,26.472807251679864
2025-12-02,7.0,34.0,6.0,8.0,2407,12,2025,2391.714285714286,15.28571428571422,2410.0,2340.0,1 days,Tuesday,2237.0,2382.1428571428573,25.51096869553568
2025-12-03,4.0,32.0,8.0,7.0,2419,12,2025,2398.0,21.0,2407.0,2375.0,1 days,Wednesday,2243.0,2391.714285714286,18.73245210536632
2025-12-04,16.0,39.0,7.0,13.0,2418,12,2025,2404.714285714286,13.28571428571422,2419.0,2371.0,1 days,Thursday,2251.0,2398.0,19.553345834112744
2025-12-07,4.0,24.0,13.0,12.0,2429,12,2025,2412.4285714285716,16.57142857142844,2418.0,2375.0,3 days,Sunday,2261.0,2404.714285714286,16.58025216574955
2025-12-08,9.0,27.0,9.0,4.0,2440,12,2025,2419.714285714286,20.28571428571422,2429.0,2389.0,1 days,Monday,2266.0,2412.4285714285716,12.514753197491558
2025-12-09,4.0,30.0,7.0,8.0,2443,12,2025,2423.714285714286,19.28571428571422,2440.0,2415.0,1 days,Tuesday,2276.0,2419.714285714286,11.397577017938398
2025-12-10,10.0,54.0,5.0,9.0,2439,12,2025,2427.8571428571427,11.142857142857338,2443.0,2410.0,1 days,Wednesday,2282.0,2423.714285714286,14.06786273318862
2025-12-11,7.0,47.0,9.0,10.0,2437,12,2025,2432.1428571428573,4.857142857142662,2439.0,2407.0,1 days,Thursday,2286.0,2427.8571428571427,13.61896436779486
2025-12-14,8.0,35.0,4.0,8.0,2462,12,2025,2438.285714285714,23.71428571428578,2437.0,2419.0,3 days,Sunday,2280.0,2432.1428571428573,10.27016019598859
2025-12-15,11.0,42.0,9.0,7.0,2470,12,2025,2445.714285714286,24.28571428571422,2462.0,2418.0,1 days,Monday,2287.0,2438.285714285714,13.462469877892984
2025-12-16,8.0,54.0,15.0,9.0,2468,12,2025,2451.285714285714,16.71428571428578,2470.0,2429.0,1 days,Tuesday,2277.0,2445.714285714286,14.693698032824946
2025-12-17,7.0,31.0,11.0,10.0,2481,12,2025,2457.1428571428573,23.857142857142662,2468.0,2440.0,1 days,Wednesday,2269.0,2451.285714285714,14.693698032824946
2025-12-18,11.0,50.0,6.0,16.0,2472,12,2025,2461.285714285714,10.71428571428578,2481.0,2443.0,1 days,Thursday,2270.0,2457.1428571428573,17.372665995310214
2025-12-21,6.0,18.0,11.0,14.0,2484,12,2025,2467.714285714286,16.28571428571422,2472.0,2439.0,3 days,Sunday,2272.0,2461.285714285714,16.888993315564516
